company_id,name
4,AVON
338,Glover's
11,OPI
11,ABSOLUTE
11,ABSOLUTE FX
181,GOJO�
27,CHANEL
31,Aloe Up Lil' Kids SPF 45 Aloe Based Sunscreen Lotion
33,Entity One UV Gel
33,Entity Nail Enamel
33,Entity Nail Sculpting Powder
33,Entity Nail Top Coat
23,Almay
31,Aloe Up Lil' Kids SPF 30+ Sunscreen Stick
31,Aloe Up SPF 30 Sunscreen Stick
43,Dermalogica
22,CLARINS PARIS
23,Revlon
46,Light Elegance
841,Philosophy
55,PCA Skin
67,YSL
67,Maybelline
4,ANEW
4,MARK
69,Elizabeth Arden
71,Kandesn
71,Oi-Lin
72,2 Cruel
72,St. John
76,Micro-Colors
76,Aqua
76,Elegance Pigments
76,Image Pigments
76,Double Max
76,Triple Max
76,Velvet
76,Double Concentrate
76,Triple Concentrate
43,Dermalogica - Clean Start
43,Dermalogica - ChromaWhite
70,Tahitian Noni� Tahiti Trim� Plan 40�
82,NSI
77,The Body Shop
86,Zest
86,Olay
84,BUXOM
84,bareMinerals
89,Designline
18,Bliss
91,Merle Norman Cosmetics
96,"Zotos Intl, Inc."
84,bareVitamins
84,RareMinerals
84,bareEscentuals
84,MD Formulations
86,DDF
71,Dr Chen
71,Kandesn Spa
71,SunSmile
1093,Ion
21,Bed Head
101,Roux
110,Nail Tek
110,Nail Optimizer
110,OPI
110,CND
110,Color Club
110,Sation
110,QT
110,Lexi
110,Beyond
110,Regal
110,Sheila
110,5000
110,Lila
91,Merle Norman
91,Merle Norman Cosmetics 
91,Merle Norman 
116,Costcutters
116,MasterCuts
21,S-Factor
21,Rockaholic
119,No Lift Nails
125,Exuviance
125,Coverblend by Exuviance
11,TRADITIONAL ACRYLIC SYSTEM POWDERS
11,TRADITIONAL ACRYLIC SYSTEM POWDER
11,AVOJUICE SKIN QUENCHERS
11,axxium
128,BC Color Mineral Collection
11,axxium Soak-Off
11,Axxium Soak-Off
11,Nail Envy
11,Avojuice
11,AVOJUICE
11,Clarite
11,Microbond
11,Feet by OPI
11,Competition
11,OPI Nail Lacquer
138,Klein-Becker USA
1093,Sally Girl
1093,Fingerpaints
141,Astara Skin Care
142,Voss Laboratories
144,SISLEY - PARIS
97,Whiter Image
145,Bremenn Research Labs
129,NOEVIR
59,Young Nails
18,Laboratoire Remede
149,Eucerin
125,NeoStrata
118,Topps
118,Hello Kitty
118,Dead Sea
118,Aquafina
118,Urban Outfitters
118,Cutie Boutique
118,Popsicle
118,It's Happy Bunny
118,Skin Vitamins
118,Bratz
118,"Hello Kitty, Bratz, Strawberry Shortcake, Bakugan,"
118,"Bratz, Bakugan, Hello Kitty, Strawberry Shortcake"
150,Giovanni
148,JEAN-PAUL GAULTIER - MA DAME
159,Clairol
148,ISSEY MIYAKE - A SCENT BY ISSEY MIYAKE
181,GOJO
181,PROVON�
121,Cool Cuts 4 Kids
67,Garnier
120,BioSilk
99,BIOLOGIQUE RECHERCHE
181,SPA BATH�
160,SIGNATRY�
60,Selsun Blue
67,Matrix
67,Kiehl's
86,CoverGirl
89,Costcutters
89,Mastercuts
67,LRP
67,SSC
67,Mizani
67,Vichy
67,Viktor & Rolf
67,Redken
167,EXCELON�
67,Shu Uemura
153,Carex�
171,Vera Wang
171,Calvin Klein Obsession
153,Georgia-Pacific
171,Vera Wang Princess
153,Handi-Fresh�
153,Cormatic�
171,Sally Hansen
172,Grecian Plus
172,Grecian Formula 16
171,Rimmel - London
30,NYX
171,Sally Hansen Just Feet
67,L'Oreal
259,DermaTech
171,Sally Hansen Natural Beauty
111,Circle of Friends
164,Palladio
178,ORS
148,ISSEY MIYAKE - L'EAU D'ISSEY
148,NARCISO RODRIGUEZ - FOR HIM
148,NARCISO RODRIGUEZ - ESSENCE
148,ISSEY MIYAKE - L�EAU D�ISSEY POUR HOMME INTENSE
148,NARCISO RODRIGUEZ - FOR HER
181,PROVON
181,MICRELL
148,ISSEY MIYAKE - L'EAU D'ISSEY POUR HOMME
95,EDGE
167,Excelon
160,SIGNATRY
95,SKINTIMATE
417,Innosys
417,Prosys
1232,Nature's Gate
171,N.Y.C - New York Color
186,HILLYARD
118,"Bratz, Strawberry Shortcake"
188,Aloette
157,Hot Topic
191,Benefit Cosmetics
144,Sisley - Paris
171,Borghese
157,Urban Outfitters
177,Kiss
199,Tressa
171,Adidas
171,Kenneth Cole Black
171,Kenneth Cole Reaction
171,Vera Wang Sheer Veil
954,Neutrogena
196,"Origins Natural Resources, Dist."
176,theBalm
171,Vera Wang Look
171,Vera Wang Man
171,Calvin Klein - Euphoria
204,FDS
171,Calvin Klein Eternity
197,Clinique
171,Calvin Klein Euphoria
171,Calvin Klein CKIN2U
171,RSVP Kenneth Cole
171,Halle by Halle Berry
195,Estee Lauder
206,Sei Bella - Confidential
202,Pure & Basic
204,VO5
171,Marc Jacobs
204,St. Ives
209,AffClean�
209,All Hands�
209,All Hands
209,AntiBac-3
209,CLASSIC TOUCH
209,Clean Touch
174,John Paul Mitchell Systems
211,Don
211,Don PLUS
211,Don� Plus
211,SENSI-DERM�
213,DermaBrand�
213,Dermabrand�
159,Clairol Professional
973,Dial
218,Kimcare General
1036,Crest
222,Unite Eurotherapy
222,GO247 for Men
222,Go247 for men
1036,Gleem
224,Tarte
184,Dove
216,Mannatech Advanced Skin Care
216,Mannatech
226,purminerals
228,CosMedix
746,YON KA
231,Escence
184,Caress
221,Prescriptives
233,Value Plus
184,Lever 2000
184,Suave
236,American Beauty
235,Banana Boat
236,Daisy Fuentes
236,Flirt
236,Good Skin
236,Grassroots
120,CHI
237,Darphin
192,Physicians Formula
189,Bior�
190,Raven
239,COCO BEACH
242,Vital Care of North America Ltd.
241,HEMPZ
242,"Vital Care of North America, Ltd."
24,Wet n Wild
165,Regis Design Line
171,Calvin Klein Euphoria Men
171,Calvin Klein Obsession Men
1093,Proclaim
69,Badgley Mischka
69,Britney Spears
27,Chanel
69,Lulu Guinness
69,Liz Claiborne
244,L'OCCITANE EN PROVENCE
69,Juicy Couture
69,Curve
69,Daytona 500
69,Elizabeth Taylor
245,Colgate
96,ISO
249,Molton Brown
251,EVOKE
977,body by BRIGITTE
219,Perron Rigot
159,Back to Basics
159,Graham Webb
128,BeautiControl Color
254,Kevin Murphy
256,Earth Science
165,Costcutters
165,Mastercuts
128,Platinum Regeneration
258,Coach
171,Kenneth Cole Vintage Black
258,Lab Series for Men
258,Michael Kors
96,Quantum
258,Missoni
258,Tommy Hilfiger
206,Sei Bella
96,Senscience
69,Giorgio Beverly Hills
69,Halston
128,SKinlogics Gold
96,Naturelle
69,Alfred Sung
96,Nucleic-A
69,Lucky Brand
128,Save Your Sole
69,Mariah Carey
96,Bain de Terre
96,Joico
69,Prevage
69,Realities
96,ICE Hair
120,Sungliltz
181,PURELL
120,Sunglitz
171,The Lovely Collection by Sarah Jessica Parker - Dawn
171,Sarah Jessica Parker
259,PRIMORY
171,Gwen Stefani
241,GOLDEN BEACH
241,SO BRONZE
120,Bioglitz
239,EXTREME
239,FLAUNT
177,Broadway
239,HIPPIE CHICK
239,LOVE STRUCK
120,Bioglitz Color
239,RAIN
239,RAYZ
173,DHC
239,SKIN SYSTEM
239,STREET DIVA
239,TAUNT
239,TEMPT
977,Fing'rs
263,Big Sexy Hair
264,Jurlique
206,Nicole Miller
200,NUXE
265,Davines
174,John Paul Mitchell Systes
265,[comfort zone]
229,Goldwell
245,Softsoap
69,Sunflowers
69,Usher
69,Wings
69,Hilary Duff
69,Bob Mackie
69,Mambo
189,Cur�l
171,Airspun
189,Jergens
245,Ultrabrite
120,CHI Organics
171,Marc Jacobs Woman
171,MARC JACOBS WOMAN
268,Givenchy
128,skin Strategies
189,John Frieda
267,SENSAI
127,BASALA
60,Selsun Naturals
60,Selsun Salon
266,Harmon Face Values
128,Margarita Body
120,Chromatic
60,BullFrog
128,Regeneration
60,Gold Bond
276,Amway Global
128,Secret Agent
270,Jo Malone
271,Ojon
280,Triple S
171,Vera Wang Bouquet
171,Vera Wang Truly Pink
171,The Lovely Collection by Sarah Jessica Parker - Twilight
171,The Lovely Collection by Sarah Jessica Parker - Endless
171,Calvin Klein Man
171,Calvin Klein Escape
282,Corporate Express
275,Soft Care
171,Marc Jacobs Daisy
181,PURELL�
171,Shania by Stetson
171,Nautica
259,PRIMORY�
171,Nautica Blue
171,Nautica Voyage
171,Nautica White Sail
261,Brocato
171,Marc Jacobs Man
171,Celine Dion Chic
171,Celine Dion
171,Vera Wang Rock Princess
60,Herpecin L
171,Vera Wang LOOK
60,Herpecin-L
201,"Hallmark Cards, Inc."
177,Fina
171,Baby Phat Golden Goddess
171,Baby Phat Goddess
171,Baby Phat Fabulosity
284,"Murad, Inc."
977,Nailene
128,BC Color
287,Sonya Dakar
1333,SkinMedica
288,Herbal 3
263,Short Sexy Hair
229,KMS California
244,L'Occitane en provence
128,Secret AGEnt
128,Secret AGEent
294,"Orlane, Paris"
159,Trucco
298,Guerlain
753,B/S 2 1/2 OX QUICK DRY GRADE 17N0190024
164,Bechic
272,Fruits & Passion
235,Hawaiian Tropic
198,Sephora 
753,B/S GLUE 3 GM QUICK DRY GRADE 17N019E001
60,Balmex
292,Mary Kay
753,GLUE ORIGI-STIK 3 GRAM GLU0080 #17N0190034
60,Cortizone 10
201,"Manufactured for Hallmark Cards, Inc."
171,Jil Sander Stylessence
304,Mustela
303,Deb
285,Detour - Great Clips
266,Harmon
267,KANEBO SENSAI CELLULAR PERFORMANCE
267,SENSAI SILK
285,Solutions by Great Clips
267,SENSAI SILKY PURIFYING
267,KANEBO SILK
267,KANEBO IB
267,SENSAI CELLULAR PERFORMANCE
262,Body Essence
60,Mudd
305,Burt�s Bees
292,Mary Kay 
245,Irish Spring
267,KANEBO
245,Cashmere Bouquet
245,Palmolive
127,NARS
292,MKMen� 
69,PS
128,Color Freeze
69,Aflred Sung
267,SENSAI SILKY BRONZE
149,Nivea
218,Kimcare
297,Ruby Kisses
218,Kimberly-Clark Professional
313,Reliable
310,DASHING DIVA
218,KLEENEX
1093,ION
312,Soul Mate
315,GM
218,SCOTT
312,Shift
973,Dial For Men
973,Tone
312,Allow
263,Sexy Bath and Body
312,Serum
317,Nutrimetics
312,Sultry
973,Coast
312,Task
312,Web
317,Ultra Care +
312,Meringue
312,Infusion
317,Nutri-Rich
973,Citre Shine
973,Got2b
973,LA Looks
753,Great Clips
753,Fairy Tales
206,Advanced Expressions
298,GUERLAIN
301,Jardins du Monde
67,L'oreal
67,L'OREAL
246,Smackers
327,Nail Magic
328,Parfums Christian Dior
248,Nu Skin
67,Lancome
44,THIERRY MUGLER PARFUMS
954,AMBI
954,AVEENO
291,Stila
954,CLEAN & CLEAR
954,Lubriderm
954,RoC
954,Johnson & Johnson
954,DESITIN
175,Neways
67,Giorgio Armani
267,Deleted
1093,Beauty Secrets
1093,Beyond the Zone
1093,Pucker Ups
246,Bonne Bell
1093,Beyond Belief
1093,Silk Elements
1093,Salon Care
333,Bioelements
158,Anastasia Beverly Hills
340,Skintimate
340,Edge
340,Schick
277,Ionil
277,Ionil Plus
342,CALIFORNIA NORTH
343,Penhaligon's
345,MAKE UP FOR EVER
20,Rosaclear
347,Hard Candy
301,Yria
301,3 minutes
301,No brand name
301,Active sensitive
301,Bronze nature
301,100% natural origin
301,Couleurs Nature
301,Fleur de Noel
301,Inositol Vegetal
301,Les Plaisirs Nature
301,Luminelle
301,Serum Vegetal
301,Spa Vegetal
184,Vaseline
1093,Beautique
350,ChristineChin
184,Pond's
184,Axe
301,Sebo Specific
301,Lavande essentielle
301,Les plaisirs Nature
301,Lipophenol Vegetal
301,Manucure
301,Pomme de Reinette
301,Riche Creme
335,CARITA
288,Lucero
288,Del Ba�l de la Abuela
288,Color Fun
334,DECLEOR
184,Sunsilk
355,SERGE LUTENS
171,JLo Glow After Dark
288,Armand Dupree
357,Crabtree & Evelyn
184,Degree
288,Color Naturals
288,Zona Rosa
288,Liner Collection
288,Thalia Sodi
288,Creative
973,Right Guard
973,Smooth N Shine
973,Got2B
159,Fekkai
338,Zuri
184,Lever 2000 Vaseline
338,Zuri Naturally Sheer
356,Fashion Fair
362,STENDHAL
362,Stendhal
288,Color FunCAEQ
338,Hair Rep
338,Royal Crown
365,ZO Skin Health
338,DuSharme
365,ZO Skin health
365,ZO Skiin Health
361,Hourglass Cosmetics
159,Nioxin
96,Modern Form
367,California Tan
321,BEAUTY SOCIETY
175,TrueTouch
175,TRUETOUCH
353,KORRES NATURAL PRODUCTS
351,Shiseido Hair Care
367,California Tan/Matahari
367,Designer Skin
367,Australian Gold
367,Swedish Beauty
367,Planet Beach
96,Zotos
435,Bath & Body Works
308,Jafra
352,NARS
370,Tammy Taylor Nails
370,Tammy Taylor
372,China Glaze
290,About Face
373,GIVENCHY
373,LVMH FRAGRANCE BRANDS
374,Savvy
373,LVMH Fragrance Brands GIVENCHY
338,Othine
377,LAURA MERCIER
338,Black & White
372,Clubman
372,Medi-Dan
372,Checi
288,Festivity
288,Pink Dreams
372,Clean + Easy
369,KINGS&QUEENS
369,KINGS & QUEENS
382,ProClean
384,Renown�
380,PRIORI Bioengineered Skincare
384,Renown
376,KENZO
380,PRIORI Advanced AHA
269,La Mer
386,PRO�LINK�
386,PRO-LINK�
388,PRIME SOURCE
380,PRIORI CoffeeBerry
390,TOUGH GUY�
390,Tough Guy�
1093,Femme Couture
393,Grand Touch�
204,Soft and Beautiful
204,Motions
393,Nice Touch
20,Elastiderm
240,Old Navy
396,Orly Intl
240,Gap
393,NICE TOUCH
393,WaxieCare�
399,Cardinal Health
338,Artra
372,Body Drench
130,Thymes
290,F.Y.I.
402,glominerals
149,Nivea Men
149,Nivea For Men
395,Nourifusion
403,Bobbi Brown
404,MAC
368,JR Watkins
405,Aveda
290,Virtual Illusion
290,Before Sun
372,ProLinc
372,Gena
372,IBD
372,EzFlow
372,GiGi
372,Bay Bay Blemish
372,Correctionist
372,Andrea
406,Kama Sutra
290,Intelligence
290,Revelage
372,Delore
157,Target
290,FC5
290,NutriMinC RE9
372,Seche
157,Claire's
372,Purist
412,Schwarzkopf
77,Paul Wilkes
413,Erbaviva
556,Victoria's Secret Beauty
288,Vivir By Luc�a M�ndez
364,Claudia Stevens
364,Claudia Stevens / IG
364,Claudia Stevens / CYG
364,Claudia Stevens / DR
364,Dermactin-TS
364,Dermactin-TS / DR
364,Hair One
364,Hair Plump
372,N'RAGE
372,Ardell
372,Duo
372,Fright Night
372,Woody's
372,ESN
372,SuperNail
372,Seche Vite
434,Alba
434,Jason Natural Product
434,Zia Natural Products
416,Hayashi Tecnica
417,Advanced Keratin System
24,POP
24,TCW
24,Barbie
24,"TCW, POP"
24,"TCW, POP, Barbie"
24,"TCW, Barbie"
67,MATRIX
421,DermaCen
421,Classic
421,Central
354,JK Jemma Kidd
246,1006
157,Moxie
372,"Ardell, Andrea"
224,tarte
224,tarate
148,ISSEY MIYAKE
22,CLARINS
424,Nail Bliss
1026,MDSolarSciences
427,The Skin care Make-up
86,Gucci
427,Skin care makeup
427,Skin Care Makeup
364,Face Fix Mix
364,Dermatcin-TS
430,"cos.brands, llc"
430,"cos. brands, llc"
432,Freeze 24/7
290,Arbonne Cosmetics
397,VEET
86,Dolce & Gabbana
397,Clearasil
448,Juice Beauty
449,"Zalan Products, Inc."
396,Orly International
67,Helena Rubenstein
452,Internal Harmony
67,L'Oreal Professionnel
67,Kerastase
453,Rexaline
454,Trivani
456,Reef Safe by Beach Buff
456,Native Tan
460,BY Framesi
460,Options by Framesi
460,Biogenol
460,Shine In
396,Gelicity Skin Technology
446,Cupra Light
461,My Joy Collection
463,Benev
470,BABOR
464,Regenetresse
1336,Revision Skincare
478,AG
481,HairTec
481,Bioglo
483,Entier
485,Essenza
485,Bath Accents
460,Proxima
485,Morgan Childs
450,CACEE
488,Bioglo
372,Youthair
372,Surgi
372,Super Nail
372,Bye Bye Blemish
494,Odd Molly
474,Palmer's
497,Sun Care System
481,BIOGLO
499,GERMAINE DE CAPUCCINI
496,Perricone MD
501,Pore Refining Pumpkin Mask
496,Super by Dr Nicholas Perricone
148,JEAN-PAUL GAULTIER - CLASSIQUE X COLLECTION
475,Equate
852,Natura Bisse
69,Bora Bora
508,Ocean Potion Naturals
753,GENERIC VALUE PRODUCTS
753,Renewed Dimensions
512,Beautycode Switzerland
505,Blue Goo
504,ARCHIPELAGO
301,SERUM VEGETAL 3
301,SO ELIXIR
301,TRADITION DE HAMMAM
510,Skincare Makeup
522,Delon
157,Claire's Club
522,Delon +
457,Pinnacle Cosmetics
515,Dermaminerals
753,CHRISTINE ASHLEY
753,SUPER STAR
753,RENWED DIMENSIONS
753,BEAUTY EFFEX
525,Nature's Sunshine Products
526,LA PERLA
841,DUPLICATE
528,Dr. Nona International
531,LaNatura
515,Dermaquest Skin Therapy
472,Dermaminerals
534,Blue Goo
472,Dermaquest Skin Therapy
753,CREATE PROFESSIONAL
753,CREATE Professional
536,California Baby
538,SINFUL COLORS
540,PRADA
540,CAROLINA HERRERA
541,New Directions Aromatics
542,Cover FX
301,Couleur Nature
301,Aquarelle
301,Plaisirs Nature
507,Methode Physiodermie
753,Body High Spa
753,Create Professional
507,Physiocoiffeur
297,Kiss
297,Ruby Kiss
297,BROADWAY
297,Broadway
297,KISS
297,KISS NEW YORK
546,L.A. Girl
297,KISS NAIL LACQUER
297,RUBY KISSES
446,Cera Di Cupra Body Lotion
446,Cera Di Cupra Protective Clarifier Cream
446,Cera Di Cupra Elastcity-Restoring Day Cream
446,Cera Di Cupra Wrinkle Prevention - Smoothing/Firming Cream
546,Arissa
464,ACNE FREE
372,Frutique
450,CALI CHEM
546,L.A. Colors
554,ESA
555,Skin Nutrition with Phytomins
543,Biocosm�tica Exel Argentina
543,Exel. Biocosm�tica Exel Argentina
561,Tom's of Maine
568,Pearl Prescriptives
568,White Tea
575,BEAUTY IMAGE
576,ESTEREL Beaute Avancee
575,BEAUTY IMAGE FOR MEN
575,BILQIS WAX
567,Equate
577,AZIZA
559,FAB Beauty
171,Beyonce Heat
171,Nautica Oceans
171,Guess
171,Guess by Marciano
171,Sarah Jessica Parker - NYC
171,Vera Wang Glam Princess
171,Halle Pure Orchid by Halle Berry
579,CloSYS
472,St Paul Progesteron Cream
472,Threshold Progesterone Cream
472,UHS Progest Cream 1000
472,UHS Progest Cr 500
472,UHS Progest Cr 100
472,UHS Progest Cream Ylang-Ylang
562,Boots Botanics
576,INSETA
562,No7
472,Ayurmedic Clearifying Mask
472,Dermaquest Polishing Facial Scrub
472,Dermaquest Anti-aging mask
472,Lucrece Collagen Mask
472,Lucrece Anti-Aging Mask
472,Lucrece Oily Skin Mask
472,Miralla's Spa
472,Visual Changes Fr Acid Masque
472,Visual Changes P&C Masque
510,Skincare Cosmetics
492,COMPAGNIA DEL COLORE
244,L'OCCITANE
11,Sephora by OPI
583,Vanicream
585,Kenra(r) Platinum
558,BEBE
585,Elucence
585,Kenra (r) Platinum
585,Kenra (r) Classic
586,Forever Florals�
588,ProStrong
472,ABCO Lip Face Protn SPF 30
472,Med3 SPF-30 Tinted
472,MED3 SPF 30 Untinted
472,MED3 SPF 15
472,MED3 SPF 15 Tinted
472,Dermaquest SG Mineral Powder
472,Dermaquest Mineral Powders
472,Yoanna Powder - Bare Beige
472,Yoanna Brown Sugar Powder
472,Yoanna PA Powder
472,Yoanna P'n Cream
472,Yoanna PB Powder
472,Yoanna PP Powder
472,Yoanna SB Powder
472,Yoanna SG Powder
472,Yoanna WS Powder
592,Bio-Groom
593,Lise Watier Cosm�tiques Inc.
670,BEING TRUE
587,Annemarie B�rlind
472,ABCO Lip Face Protection
472,AYUR SPF 30
472,AYR039
472,Dermaquest Mineral Powder
472,Dermaquest Warm Min Pwdr
472,Lucrece Clear Zinc Tinted
472,Lucrece SPF Light Tint
472,Lucrece SPF Silicon Lt Tint
472,Yoanna Bare Beige
472,Yoanna Br Sugar Pwdr
472,Yoanna Pale Almond Powder
472,Yaoanna Peaches N Cream
472,Yoanna Pink Porcelain
472,Yoanna Sun Glow
472,Yoanna Warm Sunset
601,Cliven
602,Dr. Robert Rey
597,GlyMed Plus
602,Sears
472,Ayur SPF 30
472,Ayur Tinted Mostr SPF 30
472,Ayur Untinted SPF
603,Supersmile
472,Dermaquest On the Go
609,ERRE DUE
21,"Love, Peace & the Planet"
557,Smashbox Lash DNA Mascara
472,Allegro Bosy Wash
472,MED3 Cleanser
557,Smashbox Bionic Mascara (Jet Black)
557,Smashbox Bionic Mascara (Black Violet)
472,Ayur Gel Cleanser
472,Ayur Shampoo
472,Ayur Vita Shampoo
472,Blue Cat Body Wash
171,Lancaster
472,Cal Skin Cafe Body Wash
557,Smashbox Bionic Mascara (Indigo Ink)
557,Smashbox Limitless Lash Waterproof Mascara
557,Smashbox Eyelights (Flash)
605,Entiere
605,ENTIERE
557,Smashbox Emulsion Lip Exfoliant
472,Dermapeutics Facial Wash
24,"POP, ACT, Barbie"
472,Dermapeutics Gr Tea Anti-oxd Clr
472,Dermapeutics Pomogranate Clr
472,Dermapeutics Pumpkin Clr
24,"ACT, POP"
472,Dermapeutics Spa Therapy Bdy Wash
472,Dermapeutics Prls Cav Clr
24,Artmatic
472,Dermapeutics ILM
472,Dermapeutics Liquid Soap
472,Dermapeutics Hand Wash
605,BODY ECLIPSE
301,RITUELS BOTAN. BODY
472,Dermaquest C-Lipoic Clr
472,Dermaquest Anti Oxd Clr
472,Lamas Chinese Shampoo
472,Lamas Citrus-C Clr
472,Light Dimn Rejuva Clr
472,Lucrece Vit C Cleanser
472,Lucrece AB Cleasner
472,Panache Body Wash
472,Sun Star Org MSM Fac Wash
720,Alyssa Ashley
472,UHS Facial Wash
472,Ultra Labs Facial Clr
618,ZACH'S WAX
620,Inis - the energy of the sea
620,Garden of Ireland
171,Black by Kenneth Cole
171,Pure Radiance by Celine Dion
171,Enchanting by Celine Dion
171,Black by Kenneth Cole for Her
171,Reaction for Her by Kenneth Cole
171,Reveal by Halle Berry
550,Alpha Skin Care
550,Alpha Hydrox
624,LAUREN HUTTON
625,BEAUTY TREATS
515,Dermaquest Polishing Fac Scrub
515,Dermaquest Anti-aging Mask
515,Dermaquest Sun Glow Pwdr
515,Dermaquest Min Powdr
622,Sesame Street
515,Dermaquest On the Go Pwdr
515,Dermaquest C-Lipo Clr
515,Dernaquest Anti-Oxd Toning Clr
615,American Fare
563,Casually Yours
591,Skinn
570,Fresh
602,Disney
602,Hannah Montana
602,Kirra
563,CB Smoothe
602,NFL
627,Salon Grafix
557,Smashbox Eyelights (Smokebox)
557,Smashbox Eyelights (Beam)
557,Smashbox Eyelights (Strobe)
557,Smashbox Camera Ready Full Coverage Concealer 1.0
557,Smashbox Camera Ready Full Coverage Concealer 2.0
557,Smashbox Camera Ready Full Coverage Concealer 3.0
557,Smashbox Camera Ready Full Coverage Concealer 4.0
557,Smashbox Camera Ready Full Coverage Concealer 5.0
557,Smashbox Camera Ready Full Coverage Concealer 6.0
557,Smashbox Camera Ready Full Coverage Concealer 7.0
557,Smshbox Artificial Light Luminizing Lotion (Diffuse)
557,Smashbox Artificial Light Luminizing Lotion (Glow)
602,Nail Rx
557,Smashbox Artificial Light Luminizing Lotion (Flash)
628,Ulta
629,Lumene
629,880775
629,880620	
615,Monkey Butt
615,Shopko
615,Dermahealth
615,America's Choice
615,Meijer
615,Western Family
483,MEDILOOK
483,LESSE
615,Hill Country Essentials
483,PROMASTER
615,Premier Value
615,Equaline
560,ALTER EGO ITALY
584,Aviance Night Musk
483,FAT FOAM
483,instacolor
483,pump-it-up
483,Esencia
615,Personal Elements
615,Rite Aid
615,Hy-Vee
615,Swan
615,Ahold
615,Best Choice
615,Good Sense
615,Quality Choice
615,Safeway
615,Publix
615,Exchange Select
615,Harmon
615,Good Neighbor Pharmacy
483,Bigen
615,Up & Up
615,Equate
639,Studio Gear Cosmetics
615,Ageless Reflection
640,Sunmark
584,Body Fantasies
633,Merle Roberts
633,Miracle Plus
643,Aubrey Organics
633,Sacred Elements
562,Boots Mediterranean
615,CVS
615,Dis-Chem
645,Affirm
722,Houbigant
645,KeraCare
645,Affirm MoisturColor
615,Topcare
615,Sunmark
652,PACO RABANNE
654,NINA RICCI
615,Market Basket
615,W
615,Coastal Choice
615,Shop Rite
557,Smashbox Blush Rush (Bare)
557,Smashbox Blush Rush (Chiffon)
557,Smashbox Blush Rush (Paradise)
557,Smashbox Blush Rush (Flush)
557,Smashbox Blush Rush (Heartbreak)
557,Smashbox Blush Rush (Gingersnap)
557,Smashbox Blush Rush (Radiance)
557,Smashbox Blush Rush (Passion)
557,Smashbox Limitless Long Wear Lip Gloss (Eternity) SPF 15
557,Smashbox Limitless Long Wear Lip Gloss (Forever) SPF 15
658,CQ
615,Care One
659,GO SMiLE
615,Image Essentials
825,de la Ritz
557,Smashbox Limitless Long Wear Lip Gloss (Nonstop) SPF 15
615,Kroger
557,Smashbox Limitless Long Wear Lip Gloss (Endless) SPF 15
825,Blue Lagoon
557,Smashbox Limitless Long Wear Lip Gloss (Infinite) SPF 15
557,Smashbox Limitless Long Wear Lip Gloss (Boundless) SPF 15
557,Smashbox Photofinish Foundation Primer
557,Smashbox Photofinish Color Correcting Primer (Balance)
557,Smashbox Photofinish Color Correcting Primer (Blend)
615,Healthy Accents
557,Smashbox Photofinish Color Correcting Primer (Adjust)
557,Smashbox Photofinish Bronzing Foundation Primer
557,Smashbox Photofinish UVA/UVB SPF 15 Foundation Primer
557,Smashbox Lip Treatment SPF 15
650,MOR Cosmetics
557,Smashbox Reflection High Shine Lip Gloss
825,Celestial Body
637,Skin Tight
557,Smashbox Lip Enhancing Gloss (Sultry)
540,Carolina Herrera
540,Heno De Pravia
639,Studio Gear
655,PAYOT
351,Cle de peau beaute
557,Smashbox Jet Set Waterproof Eye Liner (Bronze)
557,Smashbox Jet Set Waterproof Eye Liner (Navy Blue)
557,Smashbox Jet Set Waterproof Eye Liner (Midnight Purple)
557,Smashbox Jet Set Waterproof Eye Liner (Teal)
557,Smashbox Eye Shadow (Honey)
557,Smashbox Eye Shadow (Black Out)
557,Smashbox Eye Shadow Trio (Twilight)
667,Elysee Scientific Cosmetics
722,10 Corso Como
557,Smashbox Eye Shadow (Bliss)
351,Qiora
722,Match Race
626,Lush Handmade Cosmetics
557,Smashbox Eye Shadow (Nude)
557,Smashbox Eye Shadow (Fizz)
557,Smashbox Eye Shadow (Shell)
557,Smashbox Eye Shadow (Oyster)
557,Smashbox Eye Shadow (Flamingo)
557,Smashbox Eye Shadow (Rapture)
557,Smashbox Eye Shadow (Minx)
557,Smshbox Eye Shadow (Sienna)
557,Smashbox Eye Shadow (Ambient)
127,Shiseido Pureness
557,Smashbox Eye Shadow (Brazillian Bronze)
557,Smashbox Eye Shadow (24K)
557,Smashbox Eye Shadow (Champagne)
557,Smashbox Eye Shadow (Zoom)
557,Smashbox Eye Shadow Trio (On Stage)
557,Smashbox Eye Shadow Trio (Microfilm)
557,Smashbox Eye Shadow Trio (Shutterspeed)
557,Smashbox Eye Shadow Trio (Viewfinder)
557,Smashbox Eye Shadow Trio (Smashbox.com)
557,Smashbox Eye Shadow Trio (Head Shot)
557,Smashbox Photo Op Under Eye Brightener
671,PRADA
540,MAJA
598,La Biosthetique
566,INSIGHT
566,ORGANIC WAY
566,UNA
557,Smashbox Waterproof Shadow Liner Duo (Goddess)
557,Smashbox Waterproof Shadow Liner Duo (Slate)
557,Smashbox Waterproof Shadow Liner Duo (Cashmere)
674,Desert Essence
557,Smashbox Waterproof Shadow Liner Duo (Smolder)
557,Smashbox Halo Hydrating Perfecting Powder (Fair)
557,Smashbox Halo Hydrating Perfecting Powder (Dark)
557,Smashbox Halo Hydrating Perfecting Powder (Medium)
557,Smashbox Halo Hydrating Perfecting Powder (Light)
557,Smashbox High Definition Healthy FX Foundation SPF 15 (F0)
557,Smashbox High Definition Healthy FX Foundation SPF 15 (Fair F1)
557,Smashbox High Definition Healthy FX Foundation SPF 15 (Fair F2)
557,Smashbox High Definition Healthy FX Foundation SPF 15 (Light L1)
557,Smashbox High Definition Healthy FX Foundation SPF 15 (Light L2)
557,Smashbox High Definition Healthy FX Foundation SPF 15 (Light L3)
557,Smashbox High Definition Healthy FX Foundation SPF 15 (Light L4)
557,Smashbox High Definition Healthy FX Foundation SPF 15 (Medium M1)
557,Smashbox High Definition Healthy FX Foundation SPF 15 (Medium M2)
557,Smashbox High Definition Healthy FX Foundation SPF 15 (Medium M3)
557,Smashbox High Definition Healthy FX Foundation SPF 15 (Medium M4)
557,Smashbox High Definition Healthy FX Foundation SPF 15 (Dark D1)
557,Smashbox High Definition Healthy FX Foundation SPF 15 (Dark D2)
505,Beauty Calssics
457,Pinnacle Cosmetic
505,Every Body
351,Shiseido Elixir
557,Smashbox Sheer Focus Tinted Moisturizer with UVA/UVB SPF 15 (Luminous)
557,Smashbox Sheer Focus Tinted Moisturizer with UVA/UVB SPF 15 (Fair)
557,Smashbox Sheer Focus Tinted Moisturizer with UVA/UVB SPF 15 (Light)
557,Smashbox Sheer Focus Tinted Moisturizer with UVA/UVB SPF 15 (Medium)
557,Smashbox Sheer Focus Tinted Moisturizer with UVA/UVB SPF 15 (Dark)
557,Smashbox Camera Ready Full Coverage Foundation with UVA/UVB Protection SPF 15 (Fair F0)
557,Smashbox Camera Ready Full Coverage Foundation with UVA/UVB Protection SPF 15 (Fair F1)
557,Smashbox Camera Ready Full Coverage Foundation with UVA/UVB Protection SPF 15 (Fair F2)
557,Smashbox Camera Ready Full Coverage Foundation with UVA/UVB Protection SPF 15 (Light L1)
557,Smashbox Camera Ready Full Coverage Foundation with UVA/UVB Protection SPF 15 (Light L2)
557,Smashbox Camera Ready Full Coverage Foundation with UVA/UVB Protection SPF 15 (Light L3-L4)
557,Smashbox Camera Ready Full Coverage Foundation with UVA/UVB Protection SPF 15 (Medium M1)
557,Smashbox Camera Ready Full Coverage Foundation with UVA/UVB Protection SPF 15 (Medium M2)
557,Smashbox Camera Ready Full Coverage Foundation with UVA/UVB Protection SPF 15 (Medium M3-M4)
557,Smashbox Camera Ready Full Coverage Foundation with UVA/UVB Protection SPF 15 (Dark D1)
351,Shiseido
351,Shiseido Benefiance
351,Shiseido Bio-Performance
127,SHISEIDO
676,unisource
678,Innovative Skincare
184,Sauve
675,Medi-Pak Gentle Lotion Soap
675,MSA Shampoo
675,Shampoo Rinse Free
675,Body Bath Rinse Free
675,Hand & Body Lotion
675,"Bathe Away, Skin and Hair Cleanser"
675,"Therabath, Skin and Hair Cleanser"
675,PrimaDerm Shampoo & Body Wash (No Rinse Formula)
680,McKesson Brand Deodorant Soap
475,Natural Concepts
682,DermaWash Antiseptic Cleanser
682,Heavy Duty Hand Cleanser
675,Swash
675,ApriVera
351,Shiseido Men
127,SHISEIDO BENEFIANCE
351,Shiseido Pureness
351,Shiseido The Makeup
557,Smashbox Brow Tech Wax
127,SHISEIDO PURENESS
557,Smashbox Brow Tech (Auburn)
557,Smashbox Brow Tech (Dark Brown)
557,Smashbox Brow Tech (Blonde)
557,Smashbox Brow Tech (Taupe/Soft Brown)
557,Smashbox Brow Tech (Brunette)
557,Smashbox Brow Tech To Go (Brunette)
557,Smashbox Brow Tech To Go (Taupe)
557,Smashbox Fusion Soft Lights (Dusk)
557,Smashbox Soft Lights (Soft Shimmer)
557,Smashbox Soft Lights (Soft Prism)
557,Smashbox Intermix Fusion Soft Lights
557,Smashbox Fusion Soft Lights (Starburst)
557,Smashbox Fusion Soft Lights (Baked Starburst)
557,Smashbox Bronze Lights Skin Perfecting Bronzer (Sunkissed Matte)
557,Smashbox Bronze Lights Skin Perfecting Bronzer (Suntan Matte)
557,Smashbox Double Take Lip Color (Praline)
557,Smashbox Double Take Lip Color (Gossamer)
557,Smashbox Double Take Lip Color (Sugar Spice)
557,Smashbox Double Take Lip Color (Cranberry)
557,Smashbox Double Take Lip Color (Amaretto)
557,Smashbox Lip Enhancing Gloss (Pulse)
557,Smashbox Lip Enhancing Gloss (Electric)
557,Smashbox Lip Enhancing Gloss (Pout)
675,Medi-Pak Apricot Shampoo & Body Wash
675,Medi-Pak No-Rinse Shampoo
557,Smashbox Photo Finish Lip Stick (Sublime)
557,Smashbox Photo Finish Lip Stick (Glamorous)
557,Smashbox Photo Finish Lip Stick (Delightful)
557,Smashbox Photo Finish Lip Stick (Charming)
557,Smashbox Photo Finish Lip Stick (Legendary)
557,Smashbox Photo Finish Lip Stick (Flawless)
557,Smashbox Photo Finish Lip Stick (Splendid)
557,Smashbox Photo Finish Lip Stick (Pout)
557,Smashbox Nude Lip Pencil (Fair)
557,Smashbox Nude Lip Pencil (Light)
557,Smashbox Nude Lip Pencil (Medium)
557,Smashbox Proof Cream Eyeliner Palette
685,L'BEL
490,Plus White Toothpaste
490,Nutra Nail
562,Boots Amazon Forest
562,Boots Fresh
127,SHISEIDO THE MAKEUP
351,Shiseido The Skincare
351,Shiseido White Lucent
127,SHISEIDO THE SKINCARE
127,SHISEIDO WHITE LUCENT
127,SHISEIDO FUTURE SOLUTION
562,Boots Expert
611,Sanctuary Spa Covent Garden Bidadari
611,Sanctuary Spa Covent Garden Mande Lular
611,Sanctuary Covent Garden Mande Lular
567,MIRRA RENEW
567,KROGER
372,Salon Perfect
695,Tend Skin
697,Kroger
694,Mineral Mask
472,Health Splt's Progesterone Cream
694,Spa Mask
702,Blistex
703,Good 'N Natural
714,Podiatrist's Formula
711,Herbal Authority
712,HomeHealth
712,Home Health
704,Natural Wealth
705,Nature's Bounty
490,Solar Sense
490,Sudden Change
490,Hair Off
710,Perfectly Pure
715,PhysioLogics
706,Puritan's Pride
706,by Jodi Crissy
706,Perfectly Pure
706,aromappeal
708,Radiance
709,Sundown Naturals
710,Vitamin World
21,Catwalk
301,Soin vegetal corps
666,Chantecaille
601,CLIVEN
716,Wal-Mart
717,Panrosa
1093,Savvy
86,Safeguard
418,Swanson Premium Brand
418,Swanson Ultra
418,Peelu
418,"Peelu, Inc."
372,EzFlow Gelez
372,IBD Gelac
372,Super Nail Gelous
686,salerm cosmetics
646,SOTHYS
686,salerm
372,China Glaze Gelaze
446,Cera Di Cupra
722,Alyssa Ashley
86,Zirh
726,Rapha
728,Classic
729,Bioglo
731,Hairtec
733,Bioglo
277,Velvachol
277,Nutraderm Cream
277,Nutraderm Lotion
277,Nutraplus Cream
274,Kinerase
274,Kinerase Pro Therapy
274,Hissyfit
274,Dr. Lewinnn by Kinerase
274,Dr. Lewinn by Kinerase
201,DaySpring Inc.
171,Sensational by Celine Dion
171,Kenneth Cole Reaction for Her
171,Vera Wang Anniversary
738,Love That White Smile
738,Love My Smile
716,Glee
740,Lelan Vital
301,Comme une evidence
301,Feuille de givre
747,Trish McEvoy
744,Sumita Beauty
171,Calvin Klein Beauty
171,Beyonce Heat Rush
171,Pure Nautica
244,MELVITA PRODUCTION
21,Bed Head Colour Combat
21,Bed Head Styleshots
615,Rexall
372,SuperNail Gelous
372,EFlow Gelez
749,Que Bella
301,Fruits de Noel
752,Jan Marini Skin Research
717,Shining Stars
81,Coppertone
753,Infusium
412,Schwarzkopf Profession
562,Boots Orginal Beauty Formula
562,Boots Hawaiian Islands
1093,Heel to Toe
301,Culture bio
301,3 Teas
301,Minceur Cafe Vert
301,Ovale lifting
86,SK-II
852,NATURA BISSE
756,Montagne Jeunesse
757,Regis
615,Family Dollar
716,Hot Topic
754,Power Stick
148,ELIE SAAB - LE PARFUM
148,JEAN PAUL GAULTIER - CLASSIQUE
301,Couleurs Nature 3
301,Jardin des nymphes
510,Iredale Mineral Cosmetics Skin Care
765,Sentara
372,Fright night
67,GIORGIO ARMANI
372,Streaks 'N' Tips
171,Beyonce Pulse
171,Pure Nautica Discovery
171,Lovestruck by Vera Wang
171,Gwen Stefani - Harajuku Lovers
67,Essie
67,PUREOLOGY
472,California North
472,California North After Shave Care
1232,NATURE'S GATE
45,AZZARO
44,THIERRY MUGLER
769,Ultraflesh
301,Serum Vegetal 3
562,Botanics
301,Soin vegetal self-tanner
562,Boots Time Dimensions
779,ALOE LAND
67,KERASTASE
562,Boots
475,IMAGE ESSENTIALS
773,I Love
781,NEXT 1
783,St. Ives
783,Tresemme
783,Soft & Beautiful
783,Motions
783,Nexxus
475,Rusk
496,Perrcone MD
69,Taylor Swift
69,Claiborne
784,Soap & Glory
784,Soap and Glory
148,ISSEY MIYAKE - L'EAU D'ISSEY POUR HOMME SPORT
787,Kate Somerville
22,CLARINS-PARIS
67,REDKEN
55,PCA SKIN
615,Sonoma Spa
21,TIGI
626,Lush Cosmetics
546,L.A. COLORS
67,VIKTOR & ROLF
798,Femme Couture International
798,Femme Couture
808,April Bath & Shower
808,APRIL BATH & SHOWER
301,Marvelous Fruit
301,Fleur feerique
301,Epices enchantee
301,Hiver Incandescent
800,Image Essentials
804,Equaline
802,TopCare
806,Rite Aid
811,Mirra Renew
811,Kroger
808,DONNA MICHELLE
171,Nautica Aqua Rush
171,Playboy
171,Calvin Klein
813,Pedix
815,CUTIE GIRL
816,Nouvelle
153,Pacific Garden�
1233,Brazilian Blowout
819,4 East Cosmetics
825,April Bath & Shower
820,Champneys
826,Revitalash
148,ISSEY MIYAKE - L'EAU D'ISSEY FLORALE
171,ck one color
827,Equate
615,Walgreens
829,Singuladerm
301,Luminelle 4
706,Nutrition Warehouse
834,Skincare L de L Cosmetics Retinol
301,Maquillage
301,Tribal Attitude
819,JUST FOR GIRLS
838,Rexall
838,Meno-Ease
834,Retinol-X
834,Fran Wilson
301,Pure system
713,Perfectly Pure
184,DOVE
840,Vanicream Shave Cream
840,Vanicream Cleansing Bar
839,Donna Michelle
184,Clear
372,SuperNail Progel
372,EzFlow Trugel
842,Betco
842,Clario
843,Fresh
844,De La Ritz Color Eazy
717,Donna Michelle
201,Sunrise Greetings
808,ENREGIN
808,SASSY + CHIC
372,IBD Just Gel
372,SuperNail Pro Gel
372,SupeNail Pro Gel
372,Nail Tek
717,Breck Kids
372,Ceramic Glaze
301,Cure Solutions
849,Look Beauty
301,CURE SOLUTIONS
301,LUM 4 ANIMATIONS
148,ISSEY MIYAKE - PARFUMS PLEATS PLEASE
148,JEAN PAUL GAULTIER - LE BEAU MALE
148,NARCISO RODRIGUEZ - FOR HER L'EAU
819,Nature�s Intent / Healing Waters
861,SHINY PRECISION LIQUID EYE SHADOW
717,Donna Michelle Salon Basics
717,Assured
153,enMotion�
864,Menard
372,It's So Easy
717,April Bath & Shower
717,Klar & Danver
865,Colorescience
867,Unite Eurotherapy
864,Embellir
86,Wella
868,3D Aquarium Hand Soap
372,Prolinc
372,Three Flowers
864,Fairlucent
864,Jupier
372,Poshe
872,APRIL
865,colorescience
864,Saranari
864,Tsukika
434,Queen Helene
434,Zia Natural Skin Care
434,Alba Botanica
434,Alba Botanica�
876,Dollar Tree
879,The BrowGal By Tonya Crooks
880,BATH GEL PACKET
364,Living Source
159,Camay
881,CALIFORNIA MANGO
542,Cover FX 
886,Marc Jacobs
201,Hallmark Cards
889,Prai Beauty
864, Menard
887,Demeter
893,NO
894,Nail Pops
834,Retinol Max
542,Cover FX Skin Care Inc.
899,The Art of Shaving
562,Boots Botaincs
240,Gap Kids
303,Vasco
303,Healthy Hands Antibacterial
303,SBS 40
865,colrescience
865,colorecience
397,LiceMD
906,text
908,RITUALS
364,Equatone
249,Molton Brown London
910,Lip Gloss
364,Zuri Brazil Collection
364,Zuri
886,MARC JACOBS BEAUTY
301,Perfect skin
301,Retropical
301,Men Fresh
364,Zuri Flawless
86,Sebastian
886,KAT VON D
913,BATH CRAYONS
915,EYE SHADOW
915,LIP GLOSS
915,LIP STICK
364,Claudia Stevens - CTG / CYG
364,Barielle
920,04 Heavens Nude
920,08 Nude Elegance
244,MELVITA
920,15 Mandarina's Mandarine
920,26 Velvet Red
920,07 Shimmer Shell
920,12 Classic Red
920,27 Secret Red
244,LE COUVENT DES MINIMES
562,Mark Hill
920,29 Berry Red
920,30 First Kiss
920,33 Hurly Burly
920,41 Sweet Blackberry
920,43 Bubble Gum
920,45 Dark Violet
920,51 Love Secret
920,52 Shiny Rubin
931,Deborah Lippmann
402,glotherapeutics
920,53 Elegant Rubin
920,54 Midnight Red
920,55 Dark Rubin
920,61 Crazy Lazy
920,67 Dusty Purple
920,69 Nude Parisienne
920,70 Hot Stone
920,76 New York Grey
920,Starter Kit
920,NailSpa Ridge Filler
922,No Dark Shadows
939,Laboratoires Dr N.G PAYOT
942,Lip Gloss Boot
305,Burt's Bees
526,SCUDERIA FERRARI
526,I COLONIALI
364,D&R
290,Arbonne
67,LOREAL
620,Inis Moonlight
896,NYX
71,Dr. Chen
483,Icing
827,Equate Beauty
483,Jooouge
483,Samy
483,Fat Curls
171,Beyonce Midnight Heat
171,Guess Seductive I'm Yours
171,Nautica Aqua Rush Gold
171,Kenneth Cole Connected
171,Vera Wang Lovestruck
171,Vera Wang Be Jeweled
171,Calvin Klein Eternity for Men Aqua
171,Calvin Klein CK One Shock for Him
434,Alba Bontanica
434,Avalon Organics
434,Jason
69,BCBG
434,Earth's Best Organic
171,Calvin Klein Ck Free for Him
434,Earth's Best
171,Calvin Klein Dark Obsession for Men
67,KIEHL'S
434,Zia Natural Skincare
89,Design Line
298,GUERLAI
615,Market Spa
886,FORMULA X FOR SEPHORA
943,Too Faced
198,Sephora
615,Duane Reade
615,Being Well
615,Hannaford
945,BESTWE
615,Studio 35
67,SKINCEUTICALS
1049,Japonesque
943,Too Faced Cosmetics
950,I love...
620,Connemara
620,Innisfree
301,MONOI DE TAHITI
301,Fresh beauty
301,Luminelle Folk Passion
301,Cocoa collection
301,Plaisir Nature
886,MARCHESA PARFUM D'EXTASE
931,Stormy Weather
1093,Vintage Glam
1093,Venique
1093,Nail Life
1093,FingerPaints
69,Justin Beiber
69,White Shoulders
1093,FEMME COUTURE
1093,Tanwise
245,Palmolive Caprice
955,Artistry
69,Ed Hardy
69,Eight Hour
69,Justin Bieber
69,Nicki Minaj
69,Splendor
69,True Love
69,True Religion
819,Nature�s Intent / Healing Waters 
248,Nu Skin 
198,SEPHORA
1062,Paula's Choice
956,Natural Advantage
943,Too Faced Cosmetics 
967,Modere
968,Lipstick Queen
301,COULEURS NATURE
372,Gelaze
968,EVE LOM
364,Ion / Cover your Gray
67,EM MICHELLE PHAN
67,EM MICHELLE PHAN 
67,MAYBELLINE
67,VICHY
67,GARNIER
290,Aromassentials
290,Aromassentials 
1093,Pucker Ups 
976,Crabtree & Evelyn
978,Softlips
973,got2b
973,Smooth 'n Shine
290,Shea Butter
173,DHC 
864,MENARD
77,The Body Shop 
978,Hada Labo Tokyo
943,Too Faced 
943, Too Faced 
956,Proactiv
626,Luxury Lush Pud
556,Victoria�s Secret Beauty
956,Wen
984,LANVIN PARIS
977,SensatioNail
556,Victoria's Secet Beauty
4,avon
956,Meaningful Beauty
372,SuperNail 
372,China Glaze81862
184,Nexxus
292,TimeWise
292, Mary Kay 
292, Mary Kay
292,TimeWise 
985,Zest
986,Express
985,Coast
328,PARFUMS CHRISTIAN DIOR
4,Avon
4,mark
556,Bath & Body Works
997,Bunny Bubble Bar
997,Carrot Soap
67,LANCOME
67,GIORGIO ARMANI 
1049,MUA
465,Urban Decay 
886,FORMULA X
364,Cover Your Gray
956,Proactiv+ 
978,Oxy
1003,Eternal Youth
1005,Aesop
997,Lush
808,SASSY+CHIC
562,Boots Keep It Sweet
158,Anastasia Beverly Ills
301,Luminelle 4 2014 Summer
301,White Botanical
1008,Rodan + Fields
266,HARMON FACE VALUES
240,Gap Outlet
1009,CRYSTAL WATERS
364,Cover Your Gray / Cover That Gray
364,Irene Gari
188,Aloette 
1333,"SkinMedica, Inc."
808,ENNCE BEAUTY
298,fhjf
813,Dream Collection
228,"CosMedix, LLC"
983,Dr. Jessica Wu
228,CosMedix 
1093,Femme Couture 
813,Express 
813,Nail Spa
813,Professional Manicure
813,Pro White & Professional Manicure
813,Lac Sensation
1012,Frank Body
328,PArfums Christian Dior
556,Bath & Body Works 
983,POP Beauty
983,America's Next Top Model
983,Pati DuBroff
983,Jenna Hipp
1011,Shiseido Makeup
1011,SHISEIDO
983,Love U X
983,Kristofer Buckle
1010,Kryolan
96,Age Beautiful
158,Anastasia Beverly Hills 
1010,Dermacolor
184,St. Ives
184,TRESemme
226,Purminerals
184,Simple
184,Motions
813,alessandro International
784,SOAP & GLORY
96,Cliniscalp
96,Diamond Shine
96,i.Luminate Demi-Permanent Cr�me Color
96,ICE Spiker
96,Joico Structure
96,Joico Body Luxe
96,Joico Color Infuse
96,Quantum Colors
96,i.color
1015,Upper Canada Soap
96,Easy Straight
96,Joico K-PAK
96,Vero K-PAK Color
1017,label.m
983,Wanderlove
67,MAYBELLINE 
67,L'OREAL 
67,KIEHL'S 
67,LA ROCHE POSAY
372,ChinaGlaze
67,LANCOME 
808,ABI
813,StripLac
813,Camouflage Gel
813,Alessandro 3D Gel
813,Champion's Choice
813,alessandro International 
813,French
813,French Gel
813,Glitter Gel
813,Pedix Gel 
813,Top Gloss Gel 
813,Striplac
997,Lush 
1023,GOOCHIE
240, Gap Outlet
301,COULEURS NATURE 3
301,CULTURE BIO NUTRITION
301,NUTRITION BODY
84,Buxom
244,L'OCCITANE AU BRESIL
1026,MDSolarSciences�
562,Boots Tea Tree & Witch Hazel
1027,Harmony
1062,Paula's Choice 
1062,Paula's Choice LLC.
1009,Body Raves
1027,Gelish
997,l
1027,Gelish 
997,Lush Manufacturing Ltd
997,lush
808,AMERI BEAUTY
615,Sound Body
615,Dollar General
615,Winco
615,HCE
1009,BODY PRESCRIPTIONS
301,Luminelle 4 2014 WINTER 
301,ELIXIR 7.9
717,ASSURED
717,ENNCE BEAUTY
717,NONE
717,SASSY & CHIC
86,Max Factor
1029,Red Carpet Manicure
1030,Artistic Nail Design 
1029,Red Carpet
1029,Red Manicure Manicure
77,The  Body Shop
1033,Morgan Taylor 
1033,Morgan Taylor
1033,MorganTaylor
1033,Morgan Tylor
1027,All That Jazz
945,BESTWE SPRAY
1029,Red Carpet Manicure 
1029,Red Carpet  Manicure
844,Assured
1035,Entity
1034,NeoStrata
1035,Entity 
1034,Exuviance
1093,Beautique 
1093,Femm Couture
1093,Fingerpaints 
1034,Exuviance Professional
4,MARK 
1034,Exuviance Professional 
364,Barielle / Dermactin-TS / D&R
997,Lush Handmade Cosmetics
158,anastasia Beverly Hills
899,Venus
86,Pantene
834,SkinLab
435,HBath & Body Works
834,Altcheck MD
1000,Sofia
1000,Circa
1000,Rock and Republic
1000,Candies
1000,Candies (Signature)
1000,Candies (Luscious)
301,BAUME LEVRES 
301,BAUME LEVRES
301,COULEURS NATURE 
301,SEBO VEGETAL 
301,SERUM VEGETAL 
301,SERUM VEGETAL
1044,Perfjohn
1000,Bongo
67,LA ROCHE-POSAY
364,Dermactin-TS / Daggett & Ramsdell
899,Olay
1048,Yes to Tomatoes 
1048,Yes to Blueberries
1048,Yes to Carrots 
1048,Yes to Cucumbers
1046,Disney
1048,Yes to Grapefruit
1048,Yes to Grapefruit 
1048,Yes to Carrots
1048,Yes to Tomatoes
290,Arbonne Liquid Sunshine
784,Soap & glory
364,Hair Chemist
1049,Japonesque 
1003,ALQVIMIA - Essentially Beautiful
685,LBEL
1051,Nudestix
717,STRUCTURE + MANAGE
1011,CLE DE PEAU BEAUTE
351,CLE DE PEAU BEAUTE
244,ERBORIAN
568,Scruples
240,Grap Outlet
1055,Himalaya
865,Sunforgettable
149,Basis
301,2015 Summer Collection
184,Dove Men plus Care
184,Lever
4,AVON 
290,RE9 Advanced
290,RE9 Advanced for Men
290,Mandarin Pomegranate
1056,Vibrant Sexy Hair
1058,RMS
86,Old Spice
364,Daggett & Ramsdell
1063,V76 by Vaughn
1064,Tweezerman
86,Herbal Essences
1028,APLICARE
347, Hard Candy
402,glo therapeutics 
402,glo minerals 
402,glo minerals
301,Couleurs Nature 
301,SEBOVEGETAL
1066,Black Up
1069,eos Evolution of Smooth
1056,Style Sexy Hair
347,HARD CANDY
1071,Soma
1009,BODY RAVES
562,No7 
1073,TEOXANE
364,D&R / D-TS
1076,AMOREPACIFIC
1076,Laneige
191,Benefit Cosmetics LLC
301,2015 WINTER COLLECTION
301,2015 Winter Collection
301,PLAISIRS NATURE 
24,Physicians Formula
24,Physicians Formulla
483,Fat Hair
1077,MOCARA
1077,MOCARA serum ingredients
1009,Wit & Wisdom
364,Sunflower Nature's Spirit
305,Burt's Bees 
24,Lip Smacker
1081,La Prairie
954,NEUTROGENA
1031,ONE BY KOS�
191,Benefit
954,LUBRIDERM
954,JOHNSON'S
954,JOHNSON's 
954,CLEAN & CLEAR 
1082,T-ZONE
1084,Fillerina
1086,Fingerpaints
372,IBD 
1056,Style Sexy Hair 
24,Lip
1088,Masque Bar by Look Beauty
1088,eyetreat spa by look beauty
1090,Milk
290,Shape It Up
290,Prime & Proper
290,It�s a Fine Line
290,It�s All in the Eyes
290,It�s All in the Eyes 
290,It�s All in the Eyes   
290,It�s All in the Eyes          
290,It�s All in the Eyes     
290,It�s All in the Eyes      
290,It�s All in the Eyes    
290,It�s All in the Eyes  
290,RE9 ADVANCED� FOR MEN 
1076,MAMONDE
1076,IOPE
86,Kadus
1076,LANEIGE
1076,ARITAUM
1094,Tan Luxe
1076,SULWHASOO
292,True Dimensions
292,Mary Kay At Play
292,Lash Love
1096,Malin & Goetz
1093,Bitzy
294,"ORlane, Paris"
60,Gold Bond Ultimate Men's Essentials Body Powder
158, Anastasia Beverly HIlls
1101,Bonvivant 
1090,Milk makeup
1090,milk makeup
1103,Too Faced Cosmetics 
808,THE ESSENCE OF NATURE'S
997,Lush Manufacturing Ltd.
1102,FELPS PROFESSIONAL 
1056,Big Sexy Hair 
1031,DECORT�
1031,COSME DECORT�
886,MARC JACOBS
352,Blush
1106,Saje Natural Wellness 
922,No Bare Brows
1101,Bonvivant
717,Sassy & Chic
1107,SNP
997,Lush Ltd
864,JUPIER 
1113,Dax Hair Care
301,2016 Summer Collection
301,ONE RANGE 
1115,PERSON & COVEY
1117,Fantaisia
158,Anastasia Beverly Hills	
1328,Africa's Best
1125,Foaming Hand Soap
1088,iN-gredients
1125,Bubble Bath
1125,Little Soap
1125,Bar Soap
1125,Triple Soap
1125,Heart Soap
1125,Double Soap
1125,Guest Soaps
397,Veet
1093,Ion Color Brilliance
1119,Trader Joe's
1031,SEKKISEI
1129,Drunk Elephant
1128,Chrome Hearts
1088,Bandito
1088,ingredients
1133,dr. brandt
1135,CND
1136,Skin Republic
1084,Fillerina Plus
86,Hair Food
1140,Frozen/Finding Dory/Trolls
1076,IOPE 
1333,SKinMedica
1142,Shopkins
1142,Dreamworks Trolls
1142,Illumination Enterprise Minions
1142,Disney Junior Minnie Mouse
1142,Disney Frozen
1142,Hello Kitty
1142,Nickelodeon Teenage Mutant Ninja Turtles
1142,Marvel Spiderman
1142,Marvel Avengers
1142,Nickelodeon Shimmer and Shine
1142,Disney Pixar Finding Dory
1142,Nickelodeon Paw Patrol
1142,Dreamworks Dinotrux
1142,Monster High
1144,Robin McGraw Revelation
1142,Barbie
1142,Disney Princess
1142,Nickelodeon Blaze and the Monster Machine
1154,Charlotte Tilbury
1142,Nickelodeon SpongBob
1142,Peppa Pig
1142,Disney Cars
1142,Disney Junior Doc Mcstuffins
1149,MAVALA
1142,Nickelodeon SpongeBob
1142,Crayola
1090,Milk Makeup
1076,Sulwhasoo 
1076,LANEIGE 
1148,Seche
1148,IBD
301,SILHOUETTE GLOBALLE
1076,SULWHASOO 
1076, Laneige 
1076,Laneige 
1154,Charlotte Tilbury Beauty Ltd
1154,Charlotte Tilbury Beauty LTD
1142,Nestle Pixy Stix
1142,Hershey's
1142,Push Pop
1142,Nestle 
1142,Mtn Dew
1142,Nicklelodeon Teenage Mutant Ninja Turtles
1157,SHELO NABEL
1148,Woody Bump Repair
1157,Baba de Caracol Stick Make-Up / Maquillaje en Barra Natural
1157,Algas Marinas Body Firming Gel / Gel Reafirmante para el Cuerpo
1157,Baba de Caracol Liquid Make-Up / Maquillaje L�quido Naturel
1157,Baba de Caracol Liquid Make-Up / Maquillaje L�quido Canelle
1157,Baba de Caracol Liquid Make-Up / Maquillaje L�quido Rose
1157,Arroz Polvo Sellador / Rice Setting Powder Natural
1157,Arroz Polvo Sellador / Rice Setting Powder Trasl�cido
1157,Sombra Compacta / Compact Eye Shadow Terra
1157,Corrector D�o CONCEALER & HIGHLIGHTER / CORRECTOR E ILUMINADOR
1157,Retocador de canas Gray Hair Touch-up Stick Blond / Rubio
1157,Baba de Caracol Stick Make-Up / Maquillaje en Barra Rose
1157,L�piz Labial / Lipstick- Piensa en M� U649	L�piz Labial / Lipstick- Cielo Rojo
1157,L�piz Labial / Lipstick- Cielo Rojo
1157,L�piz Labial / Lipstick- El Rey
1157,L�piz Labial / Lipstick- B�same Mucho
1157,L�piz Labial / Lipstick- Morenita M�a
1157,L�piz Labial / Lipstick- Frenes�
1157,Sombra Compacta / Compact Eye Shadow Mar Azul
1157,Rubor / Blush Rose
1051,Nudestix 
1159,MILANI
1159,Milani
1160,Dr. Hauschka Skin Care
1160,"Dr. Hauschka Skin Care, Inc"
1148,EzFlow 
1148,EzFlow
1148,SuperNail
1159,JORDANA
364,FIRA
1159,JORDANA 
1159,MILANI 
1161,Zelens
397,Amope 
1163,I Dew Care
1093,Barburys
1093,Generic Value Products
1093,Beyond Belief 
1092,Swan
1092,Equaline
1092,Publix
1092,Best Choice
1092,Topcare
1092,CVS
1092,Premier Value
1092,Image Essentials
1092,Ahold
1092,Meijer
1092,Shop Rite
1092,Western Family
1092,Rite Aid
1092,Dollar General
1092,HCE
1092,Equate
1092,Being Well
1092,W
1092,Studio 35
1092,Walgreens
1092,Kroger
1092,Winco
1092,Sound Body
1092,Beauty360
1092,Daylogic
1092,Mountain Falls
1092,Care One
1092,Safeway
1092,Exchange Select
1092,Harmon
1092,Healthy Accents
1092,Signature Care
1092,Simply U
1092,SA Lidl
1092,Good Sense
1092,American Choice
1092,Select Brand
1092,Heb
1092,Family Dollar
1092,Up&Up
1092,Germ-X
1092,Market Basket
1092,Face Values
1092,Ideal
1092,Sunmark
1164,Herbal Skin Solutions
1092,Life
1092,Rexall
1092,Vi-Jon Professionals
1093,So Gorgeous
1093,Mystic Divine
1076,Mamonde
1076,Mamonde 
1076,ARITAUM 
1076,Aritaum 
364,Dermactin TS
1076,Aritaum
1000,Collab
1178,Kroger
1177,Royal Essential
1076,Innisfree
1179,BioTouch
886,KAT VON D BEAUTY
1169,Feeling Beautiful
547,Sea Enzyme 4552-815 Ultra Umbrella
1180,Madre Perla De Ultratez
1169,Trader Joe's 
973,essence Ultime
973,Gliss Kur 
973,Styliste Ultime
84,Bareminerals 
84,BareMinerals 
1183,Color secret 
983,FOUND
1183,Color Secret
1183,esselavenna
1183,pur-lisse
1183,SB
1183,YL
1183,YB
1187,Perfjohn
1188,BVLGARI
1189,CoverFX Skincare
1160,"Dr. Hauschka Skin Care, Inc."
886,FENTY BEAUTY
301,BOTANICAL COLOR
301,GLOBAL SILHOUETTE
301,BOTANICAL COLOR 
301,COULEUR NATURE
301,COLLECTION NOEL
301,QUELQUES NOTES D'AMOUR
1192,Pearlosophy
292,Botanical Effects
292,Satin Hands
1033,Gelish Mini
1033,Harmony
1033,Harmony (Relaunch)
1093,FP FingerPaints
1163,Nooni
1033,Artistic
1033,Harmony 
1076,innisfree 
1189,Cover FX
91,MERLE NORMAN 
1033,Artistic 
834,Skincare L de L Cosmetics Retinol Men
1199,Borboleta
1142,DISNEY JUNIOR MINNIE
1142,PEEPS
1142,RICK AND MORTY
1142,SHOPKINS
1142,WARNER BROS DC COMICS
1142,WARNER BROS DC SUICIDE SQUAD
1148,Seche Vite
1142,Nickelodeon
1142,WARNER BROS. SUICIDE SQUAD
1202,Wahl Home Products
1204,HUDA BEAUTY
301,BEAUTE DES MAINS
301,SEBO VEGETAL
908,Rituals
301,ELIXIR JEUNESSE
91,MERLE NORMAN
1207,HUDA BEAUTY
1209,Honest Beauty
1210,Tatcha
1196,SOM�RFIELD
1212,Frozen/Minnie/Trolls
1031,LIP GEL MAGIC
1214,OSEA
373,PARFUMS GIVENCHY
1076,laneige
301,COULEUR NATURE 3
1215,Fresh
1051,NUDESTIX 
1189,CoverFX
1163,Kaja
301,Solaire Peau Parfaite
301,Hydra V�g�tal
1206,ACQUA DI PARMA
1217,HelloBody
189,Biore
1213,Too Faced Cosmetics
1051,NUDESTIX
1218,ZOEVA
1220,THE FACE SHOP
1221,GENERIC
191,Benefit Cosmetics 
1226,just 4 girls
1226,Just 4 Girls
1222,Sahajan
1226,JUST 4 GIRLS
546,L.A. GIRL
1228,PAUL  &  JOE
328,Parfums Christain Dior
1076,Arituam
1231,MAKE UP FOR EVER
1229,Color-Perfecting Shampoo Honey Reflections
864,TK
1239,Flickable
1241,Perricone MD
1236,Farmaceutici Dottor Ciccarelli
1236,Farmaceutici Dottor Ciccarelli 
446,Farmaceutici Dottor Ciccarelli  
244,L�OCCITANE EN PROVENCE
69,Christina Aguilera
69,Paul Sebastian
69,Shawn Mendes
1242,Too Faced Cosmetics
1242,Too Faced Cosemtics 
1242,Too Faced Cosmetics 
1092,Solimo
1154,Charlotte Tilbury 
301,WHITE BOTANICAL
1220,VDL
1229,NATURAL PIGMA
1244,Pure Cosmetics
1076,Amorepacific
1076,Amorepacific 
1076,Happybath
1245,Mirabella
886,OLE HENRIKSEN
1246,MDNA SKIN
301,COLLECTION NOEL 1
1228,ALBION
1250,SUN CHEMICAL
301,RICHE CR�ME
1250,DURLIN
224,"tarte, inc."
1245,Mirbella
1255,Dollar Shave Club
1254,Grecian
1256,eSalon
1257,beautyblender
1259,Yanbal
1261,REZA be obsessed
1262,Titanium dioxide
1263,Moisture Plus
1268,System Hinoki
1266,Le Mieux
1142,DISNEY 
1142,NICKELODEON
1142,NICKELODEON 
1142,MARVEL 
1142,GBG BEAUTY
1273,WhiskLotion
1273,WhiskPower
1271,Forever
1198,Skintimate
1198,Skintimate 
1198,Edge
1198,Schick
1142,WOWWEE
23,American Crew
1142,CANDY COLOR
1142,TOKIDOI
1198,Banana Boat
1142,GIRL SCOUTS
1142,DISNEY
1198,Wet Ones
1274,Burt's Bees
1273,WhiskCare
1198,Hawaiian Tropic
1277,Black Opal
1279,Your Name Professional Brands
1280,Nickelodeon
23,Cr�me of Nature
23,CUTEX
23,CND
1271,Sonya  
23,LOTTA BODY
23,Elizabeth Arden
23,d:fi
1271,Sonya 
23,REVLON
23,Revlon Professional
23,Orofluido
1142,Claire's
1142,HOT TOPIC
1142,TV online store / COSTUME AGENT
1142,TOKIDOKI 
1142,NICKLELODEON PAW PATROL
1270,Shikai
23,Roux
1289,Instanatural LLC
1292,Pharmco Skincare Labs
1277,STYLE EDIT
1277,EVERPO
1277,HUSH
12,Celavive
76,Aqua-Onyx
76,Aqua-Black Magic
76,Aqua-Eskimo Gray
76,Aqua-Ebony Brown
76,Aqua-Ultra Black
1248,MEISHOKU
1031,JILL STUART
1282,INGLOT
76,Aqua-Midnight Black
76,Aqua-Charcoal
76,Aqua-Halo Denim
76,Aqua-Steel Gray
76,Aqua-Espresso
76,Aqua-Cashmere
76,Aqua-Eboni Express
76,Aqua-Cappuccino
76,Aqua-Dark Brown Areola
76,Aqua-Medium Brown Areola
76,Aqua-Auburn
76,Aqua-Taupe
76,Aqua-Chocolate Truffle
76,Aqua-Classic Brown
76,Aqua-Autumn Gold
76,Aqua-Latte
76,Aqua-Hazelnut
76,Aqua-Brown Areola
76,Aqua-Caramel Areola
76,Aqua-Beautiful Blonde
76,Aqua-Sandalwood
76,Aqua-Br�ve
76,Aqua-Cr�me Latte
76,Aqua-Sahara
76,Aqua-Halo Brown
76,Aqua-Halo Taupe
76,Aqua-Lighten-Up!
76,Aqua-Upscale Brown
1276,duri
76,Aqua-Dark Coffee
76,Aqua-Mochachino
76,Aqua-Navajo Brown
76,Aqua-Dark Toffee
301,ANTI AGE GLOBAL
1272,Dazzle Dry
76,Aqua-Milk Chocolate
76,Aqua-Rich Brown
76,Aqua-Copper
76,Aqua-Pecan
76,Aqua-Golden Honey
76,Aqua-NON-Violets
76,Aqua-Gold Yellow
76,Aqua-Yellow Olive Mod
76,Aqua-24 Carat Modifier
76,Aqua-Flesh Areola
76,Aqua-Honey Areola
76,Aqua-Sand Areola
76,Aqua-Nude Areola
76,Aqua-Desert Beige Mod
76,Aqua-Beige Areola
76,Aqua-Light Salmon Areola
76,Aqua-Mocha Areola
76,Aqua-Light Brown Areola
76,Aqua-Pink Sand Areola
76,Aqua-Ruby Red
76,Aqua-Candy Apple Red
76,Aqua-Autumn
76,Aqua-Country Mauve
76,Aqua-Darkenalf
76,Aqua-Strawberries and Cr�am 
76,Aqua-Rose Petal
76,Aqua-Indian Earth
76,Aqua-Caribbean Mod
76,Aqua-Mauve
76,Aqua-Sedona
76,Aqua-Valentine Kiss
76,Aqua-Pink Orchid
76,Aqua-Raspberry Cr�me
76,Aqua-UN-Grey
76,Aqua-Mango
76,Aqua-Neon Orange Mod
76,Aqua-Gray Vanish
76,Aqua-Olive Mod
76,Aqua-Brow Mod
76,Aqua-Halo Forest
76,Aqua-Halo Khaki
1301,Ultimate Face Professional
1163,(do not use)
76,Aqua-Breezy Blonde 
76,Aqua-Amethyst
76,Aqua-Rose Areola
76,Aqua-Pink
76,Aqua-Blush Areola
76,Aqua-Berry Ice Tea Areola
76,Aqua-Montana Pink
76,Aqua-Old Rose Areola
76,Aqua-Areola Base
76,Aqua-Maple Mocha Areola
23,Sinful Colors
1268,System Hinoki Professional
1268,Sorbie USA
23,SINFUL COLORS
301,PEAU PARFAITE
1305,Bodyography
1163,PONY EFFECT
1305,Bodyography SKIN
1305,Crack Hair Fix
1305,ProRituals
1305,Moods
1305,Mr. Pumice
1305,(re)Fresh
1163,I'M MEME
1163,PONY
1163,nooni
76,Micro Colors
76,Forever Lips
76,Forever Areola & Skin
76,Forever Modifiers & Additives
76,Forever Eyes
76,Forever Brows
23,Revlon 
76,Image
76,H2O
1267,CVS Rapid Protection Toothpaste
1267,Dollar General Fresh Mint
1267,Rite Aid Rapid Repair
1267,CVS ProEnamel
1267,Natural White Enamel Guard
1267,Equate Enamel Guard
1267,Ahold Care One Pro
1267,CVS Enamel Guard
1267,HEB ProEnamel
1267,Rite Aid Enamel Guard
1267,Topco Sensitive
1267,Meijer Enamel Alpine Toothpaste
1267,HEB Restore & Defend
1267,Kroger Gentle Whitening
1267,CVS Restore & Defend
1267,Dollar General Enamel Guard
1267,Albertsons Enamel Alpine
1267,CVS Dry Mouth
1267,HEB Children's Toothpaste
1267,Meijer Dry Mouth
1267,Ahold Care One Toothpaste
1267,HEB Dry Mouth TP
1267,CVS Extra Whitening Toothpaste
1267,Ahold Dry Mouth
1267,Kroger Extra Whitening Toothpaste
1267,HEB-  Multi Action
1267,Meijer Extra Whitening Toothpaste
1267,CVS Restore and Defend
1267,HEB Sensitive Toothpaste
1267,Topco Sensitive Toothpaste
1267,DG- Repair & Protect
1267,Rite Aid Sensitive Toothpaste
1267,HEB Repair and Protect
1267,Wakefern Sensitive Toothpaste
1267,Meijers Whitening
1267,Big Lots Sound Body Sensitive Toothpaste
1267,CVS Pro Defense
1267,Equate Sensitive Toothpaste
1267,Rite Aid Pro Defense
1267,Dollar General Extra Sensitive Toothpaste
1267,Albertsons Sensitive Toothpaste
1267,Family Dollar Sensitive Toothpaste
1267,CVS Strong and Bright
1267,Ahold Care One Fresh Mint
1267,NW Extreme Sensitive
1267,CVS Fresh Mint Toothpaste
1267,Meijer Fresh Mint Sensitive Toothpaste
1267,CDMA Sensitive Extra
1267,Topco Sensitive Fresh Mint
1267,NW Ext Sens T/P 4.5z/12
76,Micro Edge
76,Li Scalp
76,Artist Signature Series
1306,Chapstick
23,FLESH
1310,Sonoma
201,Hallmark
1306,ChapStick
1306,ChapStick 
23,CREATIVE NAIL DESIGN
1313,COLBERT+
171,Philosophy
171,Sally Hansen 
171,Philosophy 
834, Moodmatcher
834,SkinLab Lift & Firm
834,SkinLab Revitalize & Hydrate
834,Moodmatcher
23,Flesh
23,Colorstay 
23,OROFLUIDO 
23,Colorstay
23,Photoready
23,COLORSTAY
245,Colgate Essentials
245,Colgate Total
23,ALMAY
23,Sinful Colors 
23,Pure Ice 
23,Sinful 
171,Coty 
1316,Ultraceuticals
1311,Sunkissed
164,Palladio 
1317,Null BB Cream
1317,Null After Shave Lotion
1317,MENS NULL Face Wash
1317,MENS NULL Hair Remover Cream
171,Clairol 
301,MY GREEN SUMMER
164,PALLADIO
1163,kaja
421,BoaVida 
1321,Giovanni
1309,PetLab Extractos
171,Bottega Veneta
1035,Entity Nudite
1035, Entity Nudite
347,Hard Candy 
926,ORLY
926,Orly
1035,Artistic
373,KENZO
77,The Body Shop International Limited
550,Neoteric Cosmetics
1046,Walt Disney Parks and Resorts
749,Que Bella 
556,PINK Moisturizing Cream Body Wash
1335,Home Health
1335,Nature's Bounty
1338,Oasis Ultra Hydrating Cream
1338,Waterbright Illuminating Serum
328,Parfums Christian DIor
1334,Simple Truth
23,Revlon Photoready
91,"MERLE NORMAN COSMETICS, INC. "
23,Revlonso
23,REVLON PHOTOREADY
84,bare Minerals
84,bare Minerals 
23,Revlon CS
23,Revlon Flesh
23,Revlon PR
1076,Innisfree 
1076, Innisfree 
1076,innisfree
171,Rimmel
86,MY BLACK IS BEAUTIFUL HYDRATING SHAMPOO
171,Rimmel 
395,HERBALIFE
1341,Isehan
1341,ISEHAN
1341,Club
1341,Mocchi Skin
1341,rinRen
1076,Espoir
395,Herbalife
1076,espoir
1076,231170002
290,Arbonne 
973,Schwarzkopf Got2b 
973,Schwarzkopf Got2b
1035,Gelish
1339,Moon (BHG)
1035,Morgan Taylor 
1346,Oribe
1035,Morgan Taylor
1347,IGXO
1035,Red Carpet Manicure
1349,GOKOS
171,Covergirl 
954,Neutrogena 
171,CoverGirl
84,bareMinerals 
954,Aveeno
954,Johnson's Baby 
954,Clean & Clear
67,BAXTER OF CALIFORNIA
954,Aveeno 
954,Clean & Clear 
1341,K-Palette
1341,Cosmetic Heart
1341,Tokiwa
1332,Stila Cosmetics
1076,Sulwhasoo
171,Covergirl
1341,Leanani
1341,Dazzle Carat 
1341,Dazzle Carat
1341,K-Palette 
1341,K-palette
1341,BANDAI
1341,BAMDAI
1342,SKIN REPUBLIC
1088,Masque Bar
1088,Kiss & Tell
1088,Masque Bar Fantasy
1088,Pretty Animalz
1088,iN.gredients
1332,Stila Styles LLC
171,Rimmel London
171,Rimmel London 
301,WINTER COLLECTION
562,YourGoodSkin
1341,BANDAI 
1341,AVANCE
1341,Streal
1341,Shizendo
1341,TADA
1341,Fits
1341,msh
1341,She-Style 
1341,She Style 
1341,Stella Seed 
1341,Aqua Cube 
1341,Aqua Cube
1341,Aqua cube
1352,"SanMedica International, LLC"
171,Wella
1341,Candy Doll
1341,Ai-Kei 
1341,Chacott 
1341,Chacott
1341,Chaccott
1341,COW BRAND 
1341,COW BRAND
1341,MARNA COSMETICS 
1341,MARNA COSMETICS
1341,Health Beauty 
1341,Health Beauty Lab 
1341,Honyaradoh 
1341,HonyaraDoh
1341,Kiku-Masamune 
1341,Kikumasamune Sake
1341,JAY WALKER 
1341,The sky 
1341,C�ELLA 
1341,Chezmoi
1341,RBP 
1341,Happy Price
1341,Happy Price 
1341,R7
1341,napla 
1341,Celeb 
365,ZO Skin Health 
1341,Celeb
1341,FRAGRANCY 
1341,FRAGRANCY
1341,GRAPHICO
1341,HABA
1341,Storia
1341,storia
1341,Cogit
1341,Sun Smile 
1341,Sun Smile
1341,Asleeh
1341,MARNA
1341,MARNA 
23,ELIZABETH ARDEN
23,Creative Nail Design
1341,Avance 
1148,Punky Colour 
1356,GUESS
420,OASIS SERUM
886,OLE HENRIKSEN 
886,FENTY BEAUTY 
23,Revlon Colorstay
328,Parfums Chrisitian Dior
96,Joico Blonde Life
1357,StriVectin
1341,Tofu-Moritaya 
1341,Tofu no Moritaya
1341,Storia 
1341,NatureLab
1250,INTERNATIONAL LACQUER
1341,NatureLab 
1341,LEVANTE 
1341,Cuore 
1250,NANJING CHANGJIANG PETROLEUM & CHEMICAL
1250,"VANDERBILT MINERALS,LLC"
1034,Neostrata
1341,Cuore
86,Aussie
96,Joico Hydra Splash
96,Joico Lumishine
420,OASIS
67,Baxter of California
1163,I'M MEME 
1058,RMS Beauty
1377,DND
1377,d
886,Marc Jacobs Beauty
1206,Acqua di Parma 
67,SHU UEMURA ART OF HAIR
67,L'OREAL PROFESSIONNEL
67,L'OREAL PARIS
1257,Beautyblender
1379,Amphotensid B 5
1379,Lumorol K 5019
1379,Lumorol K 5303
1379,Oxetal VD 92
1379,Setacin 103 SB
1379,Zetesap C 11
1379,Zetesol LA 370
1379,Zetesol LES 2/K
224,Awake
301,LIFTING VEGETAL
1388,Careline
1250,Sensient Cosmetic Technologies
1218,Zoeva
1250,"LUXON KOREA FINE CHEMICAL OC.,LTD."
886,KVD VEGAN BEAUTY
1391,Blizzard
86,Bevel
1076,sulwhasoo 
86,HAIR FOOD
1259,YANBAL
