ingredient_id,ingredient_name,category,famous_name
1,GLYCERIN,Humectant,Humectant
2,BUTYLENE GLYCOL,Humectant,Humectant
3,SQUALENE,Skin Conditioning Agent,Emollient
4,CETEARETH-20,Emulsifier,Emulsifier
5,GLYCERYL STEARATE,Emulsifier,Emulsifier
6,GLYCERYL STEARATE SE,"Emulsifier, Emollient",Emulsifier
7,POTASSIUM SORBATE,Preservative,Preservative
8,CAPRYLYL GLYCOL,Skin Conditioning Agent,Preservative Booster
9,SQUALANE,Emollient,Emollient
10,XANTHAN GUM,Thickener,Thickener
11,PHENOXYETHANOL,Preservative,Preservative
12,SODIUM HYDROXIDE,Ph Adjuster,Ph Adjuster
13,ETHOXYDIGLYCOL,Solvent,Solvent
14,CARBOMER,Thickener,Thickener
15,HYALURONIC ACID,Humectant,Humectant
16,LAURETH-23,Surfactant,Surfactant
17,CENTELLA ASIATICA EXTRACT,Botanical Extract,Cica
18,SODIUM PHYTATE,Chelating Agent,Chelating Agent
19,TRIETHANOLAMINE,Ph Adjuster,Ph Adjuster
20,LACTIC ACID,Exfoliant,Aha
21,ASCORBIC ACID,Vitamin,Vitamin C
22,FERULIC ACID,Antioxidant,Antioxidant
23,LIMONENE,Fragrance,Fragrance
24,PANTHENOL,Humectant,Pro-Vitamin B5
25,OPUNTIA FICUS-INDICA EXTRACT,Botanical Extract,Prickly Pear
26,GLYCOLIC ACID,Exfoliant,Aha
27,LINALOOL,Fragrance,Fragrance
28,TOCOPHEROL,Antioxidant,Vitamin E
29,BIOSACCHARIDE GUM-1,Skin Conditioner,Polysaccharide
30,BETA-GLUCAN,Skin-Conditioning Agent,Polysaccharide
31,LACTOCOCCUS FERMENT LYSATE,Probiotic,Probiotic
32,SACCHAROMYCES CEREVISIAE EXTRACT,Yeast Extract,Yeast Extract
33,WATER,Solvent,Solvent
34,SACCHAROMYCES FERMENT FILTRATE,Skin Conditioning Agent,Yeast Ferment
35,CITRONELLOL,Fragrance,Fragrance
36,TOCOPHERYL ACETATE,Antioxidant,Vitamin E
37,BIFIDA FERMENT LYSATE,Probiotic,Probiotic
38,ACRYLATES/C10-30 ALKYL ACRYLATE CROSSPOLYMER,Thickener,Polymer
39,SODIUM HYALURONATE,Humectant,Hyaluronic Acid
40,AZELAIC ACID,Active Ingredient,Azelaic Acid
41,PROPYLENE GLYCOL,Humectant,Humectant
42,SALICYLIC ACID,Exfoliant,Bha
43,PARFUM/​FRAGRANCE,Fragrance,Fragrance
44,PALMITOYL GRAPEVINE SHOOT EXTRACT,Botanical Extract,Grape Extract
45,CUCUMIS SATIVUS FRUIT EXTRACT,Plant Extract,Cucumber
46,CITRIC ACID,Exfoliant,Aha
47,CAMELLIA SINENSIS LEAF EXTRACT,Botanical Extract,Green Tea
48,RUBUS IDAEUS FRUIT EXTRACT,Plant Extract,Fruit Extract
49,SCLEROCARYA BIRREA SEED OIL,Oil,Marula Oil
50,VITIS VINIFERA JUICE EXTRACT,Exfoliant,Aha
51,SODIUM HYALURONATE CROSSPOLYMER,Humectant,Hyaluronic Acid
52,PROPANEDIOL,Humectant,Humectant
53,ALOE BARBADENSIS LEAF JUICE,Plant Extract,Aloe Vera
54,AESCULUS HIPPOCASTANUM SEED EXTRACT,Botanical Extract,Horse Chestnut
55,ALLANTOIN,Skin Conditioner,Soothing
56,HYDROXYETHYLCELLULOSE,Thickener,Cellulose Derivative
57,BUDDLEJA DAVIDII MERISTEM CELL CULTURE,Plant Extract,Stem Cells
58,ARCTOSTAPHYLOS UVA-URSI LEAF EXTRACT,Plant Extract,Arbutin
59,POLYSORBATE 20,Surfactant,Solubilizer
60,ETHYLHEXYLGLYCERIN,Conditioning Agent,Preservative Booster
61,SACCHAROMYCES FERMENT,Deodorant Agent,Deodorant
62,GLYCERETH-26,Humectant,Glycerin
63,HEXYLENE GLYCOL,Solvent,Solvent
64,CAMELLIA OLEIFERA LEAF EXTRACT,Plant Extract,Antioxidant
65,TETRASODIUM EDTA,Chelating Agent,Chelating Agent
66,METHYLPROPANEDIOL,Solvent,Solvent
67,NIACINAMIDE,Vitamin,Vitamin B3
68,AMMONIUM GLYCOLATE,Exfoliant,Aha
69,HAMAMELIS VIRGINIANA LEAF EXTRACT,Botanical Extract,Witch Hazel
70,GALACTOARABINAN,Moisturizer,Polysaccharide
71,ADENOSINE,Anti-Aging,Anti-Aging
72,GLUCOSE,Humectant,Sugar
73,FRUCTOSE,Humectant,Fruit Sugar
74,DEXTRIN,Polysaccharide,Polysaccharide
75,UREA,Humectant,Nmf
76,SUCROSE,Humectant,Sugar
77,ALANINE,Amino Acid,Amino Acid
78,GLUTAMIC ACID,Amino Acid,Amino Acid
79,HEXYL NICOTINATE,Skin Conditioning Agent,Vasodilator
80,BIOTIN,Vitamin,Vitamin H
81,CAPRYLIC/CAPRIC TRIGLYCERIDE,Emollient,Emollient
82,CORYLUS AVELLANA SEED OIL,Emollient,Hazelnut Oil
83,PROPYLENE GLYCOL DICAPRYLATE/​DICAPRATE,Emollient,Emollient
84,PRUNUS AMYGDALUS DULCIS OIL,Plant Oil,Almond Oil
85,TRITICUM VULGARE GERM EXTRACT,Plant Extract,Wheat Germ
86,SODIUM BENZOATE,Preservative,Preservative
87,PENTYLENE GLYCOL,Humectant,Glycol
88,PANAX GINSENG ROOT EXTRACT,Botanical Extract,Ginseng
89,RETINYL PALMITATE,Retinoid,Vitamin A
90,BHA,"Antioxidant, Preservative",Bha
91,POLYACRYLAMIDE,Thickener,Polymer
92,ETHYL LINOLENATE,Vitamin,Vitamin F
93,P-ANISIC ACID,Preservative,Preservative
94,CETEARYL ALCOHOL,Fatty Alcohol,Fatty Alcohol
95,CETYL PALMITATE,Emollient,Emollient
96,BHT,Antioxidant/Preservative,Antioxidant
97,MAGNESIUM CHLORIDE,Thickener,Salt
98,LAURETH-7,Surfactant,Surfactant
99,VINEGAR,Ph Adjuster,Acetic Acid
100,C13-14 ISOPARAFFIN,Emollient,Emollient
101,SERINE,Amino Acid,Amino Acid
102,CETEARYL ISONONANOATE,Emollient,Emollient
103,COCHLEARIA ARMORACIA ROOT EXTRACT,Plant Extract,Horseradish
104,SODIUM LACTATE,Skin Conditioner,Nmf
105,SODIUM SALICYLATE,Preservative,Preservative
106,ARCTIUM LAPPA ROOT EXTRACT,Plant Extract,Burdock Root
107,ARNICA MONTANA FLOWER EXTRACT,Botanical Extract,Arnica
108,TEA-LACTATE,Humectant,Lactate
109,RUMEX ACETOSA LEAF EXTRACT,Emollient,Sorrel
110,PHYTIC ACID,Antioxidant,Antioxidant
111,SORBITOL,Humectant,Humectant
112,MYRTUS COMMUNIS EXTRACT,Plant Extract,Myrtle
113,ALLIUM CEPA BULB EXTRACT,Botanical Extract,Onion Extract
114,MALIC ACID,Exfoliant,Aha
115,COMMIPHORA MYRRHA RESIN EXTRACT,Natural Extract,Myrrh
116,ETHYL OLEATE,Emollient,Vitamin F
117,SULFUR,Active,Sulfur
118,THYMUS VULGARIS FLOWER/​LEAF OIL,Essential Oil,Essential Oil
119,GLUCONOLACTONE,Exfoliant,Pha
120,ETHYL LINOLEATE,Vitamin,Vitamin F
121,SODIUM GLUCONATE,Chelating Agent,Chelator
122,CAPSICUM FRUTESCENS FRUIT EXTRACT,Botanical Extract,Cayenne Pepper
123,HEXANOYL DIPEPTIDE-3 NORLEUCINE ACETATE,Peptide,Peptide
124,YEAST EXTRACT,Skin Conditioning Agent,Yeast
125,SOY AMINO ACIDS,Moisturizer,Amino Acids
126,LECITHIN,Emulsifier,Emulsifier
127,HYDROXYETHYL ACRYLATE/​SODIUM ACRYLOYLDIMETHYL TAURATE COPOLYMER,Polymer,Gelling Agent
128,BISABOLOL,Soothing Agent,Chamomile
129,MYRISTOYL NONAPEPTIDE-3,Peptide,Retinol Mimic
130,TRISODIUM ETHYLENEDIAMINE DISUCCINATE,Chelating Agent,Chelating Agent
131,SORBITAN ISOSTEARATE,Emulsifier,Emulsifier
132,SODIUM CHLORIDE,Formulation Agent,Common Salt
133,ALCOHOL DENAT.,Solvent,Denatured Alcohol
134,PSEUDOALTEROMONAS EXOPOLYSACCHARIDES,Hydrator,Exopolysaccharide
135,POLYSORBATE 60,Emulsifier,Emulsifier
136,ISOHEXADECANE,Emollient,Emollient
137,POLYACRYLATE CROSSPOLYMER-6,Texture Enhancer,Thickener
138,BIS-PEG-18 METHYL ETHER DIMETHYL SILANE,Emollient,Silicone
139,PALMITOYL TRIPEPTIDE-38,Peptide,Peptide
140,LACTOBIONIC ACID,Pha,Pha
141,COPPER LYSINATE/​PROLINATE,Skin-Conditioning Agent,Copper
142,METHYLGLUCOSIDE PHOSPHATE,Skin Conditioning Agent,Collagen Booster
143,AHNFELTIA CONCINNA EXTRACT,Algae Extract,Red Algae
144,TAMARINDUS INDICA SEED GUM,Humectant,Tamarind Gum
145,HYDROLYZED YEAST EXTRACT,Skin Conditioner,Skin Conditioner
146,POLYGLUCURONIC ACID,Humectant,Oligosaccharide
147,SACCHARIDE ISOMERATE,Humectant,Hydrator
148,CHLORPHENESIN,Preservative,Preservative
149,LACTOBACILLUS/​ERIODICTYON CALIFORNICUM FERMENT EXTRACT,Probiotic/Ferment,Fermented Extract
150,CETYL HYDROXYETHYLCELLULOSE,Thickener,Thickener Stabilizer
151,PHOSPHOLIPIDS,Emollient,Lipid
152,HYDROLYZED SODIUM HYALURONATE,Humectant,Hyaluronic Acid
153,HYDROXYPROPYL CYCLODEXTRIN,Stabilizer,Cyclodextrin
154,SODIUM CITRATE,Ph Adjuster,Ph Adjuster
155,LEUCONOSTOC/RADISH ROOT FERMENT FILTRATE,Preservative,Natural Preservative
156,HEXYL CINNAMAL,Fragrance,Fragrance
157,BENZYL SALICYLATE,Fragrance,Fragrance
158,GERANIOL,Fragrance,Fragrance
159,PSEUDOALTEROMONAS FERMENT EXTRACT,Skin Conditioner,Ferment Extract
160,COCAMIDOPROPYL BETAINE,Surfactant,Surfactant
161,SILICA,Absorbent,Mattifier
162,CITRAL,Fragrance,Fragrance
163,BUTYLPHENYL METHYLPROPIONAL,Fragrance,Fragrance
164,BENZYL ALCOHOL,Preservative,Preservative
165,SODIUM LAURETH SULFATE,Surfactant,Surfactant
166,ALPHA-ISOMETHYL IONONE,Fragrance,Fragrance
167,COUMARIN,Fragrance,Fragrance
168,STEARIC ACID,Fatty Acid,Fatty Acid
169,CI 77891,Colorant,Titanium Dioxide
170,CI 77491,Colorant,Pigment
171,SODIUM PCA,Humectant,Humectant
172,CHAMOMILLA RECUTITA FLOWER EXTRACT,Plant Extract,Chamomile
173,CI 77499,Pigment,Iron Oxide
174,BUTYROSPERMUM PARKII BUTTER,Emollient,Shea Butter
175,ACETYL GLUCOSAMINE,Skin-Conditioning Agent,Amino Sugar
176,POLYQUATERNIUM-10,Hair Conditioning Agent,Hair Conditioner
177,UBIQUINONE,Antioxidant,Coq10
178,GENISTEIN,Antioxidant,Phytoestrogen
179,CETYL ALCOHOL,Emollient,Fatty Alcohol
180,ASCORBYL GLUCOSIDE,Vitamin C,Vitamin C
181,EPIGALLOCATECHIN GALLATE,Antioxidant,Polyphenol
182,GLYCYRRHIZA GLABRA ROOT EXTRACT,Botanical Extract,Licorice
183,CI 77492,Colorant,Yellow Pigment
184,DIPOTASSIUM GLYCYRRHIZATE,Soothing Agent,Licorice Extract
185,CARNOSINE,Peptide,Antioxidant
186,POLYQUATERNIUM-51,Conditioning Agent,Moisturizer
187,ULMUS DAVIDIANA ROOT EXTRACT,Plant Extract,Plant Extract
188,PIPER METHYSTICUM LEAF/​ROOT/​STEM EXTRACT,Botanical Extract,Kava
189,BETAINE,Humectant,Amino Acid
190,AMARANTHUS CAUDATUS SEED EXTRACT,Plant Extract,Amaranth Seed
191,HYDROGENATED LECITHIN,Emulsifier,Lecithin
192,HYDROLYZED CORN STARCH,Starch Derivative,Corn Starch
193,PHELLODENDRON AMURENSE BARK EXTRACT,Botanical Extract,Amur Cork
194,TREHALOSE,Humectant,Sugar
195,BETA VULGARIS ROOT EXTRACT,Plant Extract,Beetroot
196,CASSIA ALATA LEAF EXTRACT,Plant Extract,Plant Extract
197,TROMETHAMINE,Ph Adjuster,Ph Adjuster
198,ACETIC ACID,Ph Adjuster,Ph Adjuster
199,HEXAPEPTIDE-9,Peptide,Peptide
200,METHYLISOTHIAZOLINONE,Preservative,Preservative
201,"1,2-HEXANEDIOL",Moisturizer,Humectant
202,CI 19140,Colorant,Lemon Yellow
203,RAFFINOSE,Humectant,Trisaccharide
204,CI 42090,Colorant,Blue Dye
205,ASCORBYL PALMITATE,Vitamin C Derivative,Vitamin C
206,LACTOBACILLUS/​PUMPKIN FERMENT EXTRACT,Exfoliant,Enzymatic Exfoliant
207,BENZYL BENZOATE,Fragrance,Fragrance
208,HYDROXYCITRONELLAL,Fragrance,Fragrance
209,CHONDRUS CRISPUS EXTRACT,Extract,Red Seaweed
210,LACTOBACILLUS/PUNICA GRANATUM FRUIT FERMENT EXTRACT,Exfoliant,Pomegranate Enzyme
211,HYDROLYZED WHEAT PROTEIN,Hair Conditioner,Protein
212,CAPRYLHYDROXAMIC ACID,Preservative,Chelating Agent
213,GLUTAMYLAMIDOETHYL IMIDAZOLE,Peptide,Peptide
214,TETRAHYDRODIFERULOYLMETHANE,Antioxidant,Turmeric
215,TETRAHYDROBISDEMETHOXYDIFERULOYLMETHANE,Antioxidant,Thc
216,TETRAHYDRODEMETHOXYDIFERULOYLMETHANE,Antioxidant,Turmeric
217,GLYCINE,Amino Acid,Amino Acid
218,MALTODEXTRIN,Thickener/Stabilizer,Starch
219,EUGENOL,Fragrance,Fragrance
220,METHYLCHLOROISOTHIAZOLINONE,Preservative,Preservative
221,HELIANTHUS ANNUUS SEED OIL,Plant Oil,Sunflower Oil
222,ROSA DAMASCENA FLOWER WATER,Botanical Extract,Rose Water
223,PEG-7 GLYCERYL COCOATE,Surfactant,Cleansing Agent
224,PEG-100 STEARATE,Surfactant/Emulsifier,Emulsifier
225,POLOXAMER 184,Surfactant,Micelle Former
226,XYLITYLGLUCOSIDE,Moisturizer,Moisturizer
227,SYMPHYTUM OFFICINALE ROOT EXTRACT,Plant Extract,Comfrey
228,POLYSORBATE 80,Surfactant/Emulsifier,Emulsifier
229,ANHYDROXYLITOL,Moisturizer,Moisturizer
230,ETHYLHEXYL METHOXYCINNAMATE,Uv Filter,Sunscreen
231,XYLITOL,Humectant,Sugar Alcohol
232,AMMONIUM POLYACRYLOYLDIMETHYL TAURATE,Thickening Agent,Thickener
233,BENZOIC ACID,Preservative,Preservative
234,PEG-75,Humectant,Humectant
235,LACTOBACILLUS FERMENT,Probiotic,Probiotic
236,ACETYL HEXAPEPTIDE-8,Peptide,Botox-Like
237,CAFFEINE,Stimulant,Stimulant
238,BETULA ALBA BARK EXTRACT,Plant Extract,Birch Bark
239,SILYBUM MARIANUM EXTRACT,Plant Extract,Milk Thistle
240,ANTHEMIS NOBILIS FLOWER EXTRACT,Plant Extract,Roman Chamomile
241,CYCLOHEXASILOXANE,Silicone,Silicone
242,PPG-5-CETETH-20,Surfactant,Solubilizer
243,OLETH-10,Emulsifier,Emulsifier
244,DIMETHICONE,Silicone,Silicone
245,HYDROXYETHYL UREA,Humectant,Urea
246,PEG-8,Humectant,Humectant
247,MAGNESIUM ASCORBYL PHOSPHATE,Vitamin C,Vitamin C
248,BEHENTRIMONIUM METHOSULFATE,Hair Conditioner,Hair Conditioner
249,CERAMIDE NP,Ceramide,Ceramide
250,CHOLESTEROL,Lipid,Lipid
251,CI 14700,Colorant,Red Color
252,POTASSIUM PHOSPHATE,Ph Adjuster,Ph Adjuster
253,STEARYL ALCOHOL,Emollient,Fatty Alcohol
254,CERAMIDE AP,Ceramide,Ceramide
255,PEG-40 STEARATE,Emulsifier,Emulsifier
256,SODIUM LAUROYL LACTYLATE,Emulsifier/Stabilizer,"Emulsifier, Stabilizer"
257,PHYTOSPHINGOSINE,Lipid,Skin Lipid
258,METHYLPARABEN,Preservative,Preservative
259,PROPYLPARABEN,Preservative,Preservative
260,AMMONIUM ACRYLOYLDIMETHYLTAURATE/​VP COPOLYMER,Thickener,Polymer Thickener
261,CI 17200,Colorant,Colorant
262,ISOPROPYL MYRISTATE,Emollient,Emollient
263,C12-15 ALKYL BENZOATE,Emollient,Emollient
264,PEG-40 HYDROGENATED CASTOR OIL,Emulsifier,Emulsifier
265,DICAPRYLYL CARBONATE,Emollient,Emollient
266,MYRISTYL MYRISTATE,Emollient,Waxy Emollient
267,TETRAHEXYLDECYL ASCORBATE,Antioxidant,Vitamin C
268,PHENYL TRIMETHICONE,Silicone,Silicone
269,AVENA SATIVA KERNEL EXTRACT,Plant Extract,Oat
270,ZEA MAYS STARCH,Absorbent,Corn Starch
271,SORBITAN OLEATE,Emulsifier,Emulsifier
272,GLYCERYL BEHENATE/EICOSADIOATE,Texture Enhancer,Gelling Agent
273,LINOLEIC ACID,Fatty Acid,Omega-6
274,MANGIFERA INDICA SEED OIL,Emollient,Mango Oil
275,CERA ALBA,Emollient,Beeswax
276,BORAGO OFFICINALIS SEED OIL,Plant Oil,Gla
277,CAMELLIA OLEIFERA SEED OIL,Plant Oil,Camellia Oil
278,PARABENS,Preservative,Preservative
279,ALEURITES MOLUCCANA SEED OIL,Plant Oil,Kukui Nut
280,ORYZA SATIVA BRAN OIL,Oil,Rice Oil
281,MORINGA OLEIFERA SEED OIL,Oil,Moringa Oil
282,THEOBROMA CACAO SEED BUTTER,Emollient,Cocoa Butter
283,ADANSONIA DIGITATA SEED OIL,Emollient,Baobab
284,RICINUS COMMUNIS SEED OIL,Plant Oil,Castor Oil
285,ROSA DAMASCENA FLOWER CERA,Emollient,Rose Wax
286,PELARGONIUM GRAVEOLENS LEAF OIL,Essential Oil,Geranium
287,DAUCUS CAROTA SATIVA ROOT EXTRACT,Plant Extract,Beta-Carotene
288,CALENDULA OFFICINALIS FLOWER EXTRACT,Botanical Extract,Calendula
289,EUCALYPTUS RADIATA LEAF OIL,Essential Oil,Essential Oil
290,ALCOHOL,Solvent,Astringent
291,MELALEUCA ALTERNIFOLIA LEAF OIL,Essential Oil,Tea Tree
292,CITRUS AURANTIUM AMARA FLOWER WATER,Botanical Extract,Neroli
293,POTASSIUM ALUM,Astringent,Alum
294,ROSMARINUS OFFICINALIS LEAF OIL,Essential Oil,Rosemary Oil
295,STYRAX TONKINENSIS RESIN EXTRACT,Fragrance,Benzoin
296,MENTHA PIPERITA OIL,Essential Oil,Peppermint Oil
297,MELISSA OFFICINALIS LEAF OIL,Essential Oil,Lemon Balm
298,ROSA DAMASCENA FLOWER OIL,Essential Oil,Rose Oil
299,PERSEA GRATISSIMA OIL,Oil,Avocado Oil
300,FARNESOL,Fragrance,Fragrance
301,VITIS VINIFERA SEED OIL,Oil,Grape Seed
302,CALENDULA OFFICINALIS EXTRACT,Botanical,Calendula
303,CITRUS AURANTIUM BERGAMIA PEEL OIL,Fragrance,Bergamot Oil
304,DAUCUS CAROTA SATIVA SEED OIL,Plant Oil,Carrot Seed
305,VITIS VINIFERA FRUIT EXTRACT,Botanical Extract,Grape Extract
306,OENOTHERA BIENNIS OIL,Plant Oil,Evening Primrose
307,URTICA DIOICA LEAF EXTRACT,Botanical Extract,Stinging Nettle
308,TARAXACUM OFFICINALE LEAF EXTRACT,Botanical Extract,Dandelion
309,ROSMARINUS OFFICINALIS LEAF EXTRACT,Plant Extract,Rosemary
310,HIPPOPHAE RHAMNOIDES FRUIT OIL,Plant Oil,Sea Buckthorn
311,CALOPHYLLUM TACAMAHACA OIL,Plant Oil,Tamanu Oil
312,POTASSIUM HYDROXIDE,Ph Adjuster,Ph Adjuster
313,PALMITIC ACID,Fatty Acid,Fatty Acid
314,LAURIC ACID,Fatty Acid,Fatty Acid
315,MYRISTIC ACID,Fatty Acid,Fatty Acid
316,SODIUM METHYL COCOYL TAURATE,Surfactant,Surfactant
317,MICROCITRUS AUSTRALASICA FRUIT EXTRACT,Exfoliant,Ahas
318,ALOE BARBADENSIS LEAF JUICE POWDER,Botanical Extract,Aloe
319,SODIUM LAURYL SULFOACETATE,Surfactant,Cleansing Agent
320,COCOS NUCIFERA WATER,Plant Extract,Coconut Water
321,HELIANTHUS ANNUUS EXTRACT,Plant Extract,Sunflower Extract
322,CITRULLUS LANATUS FRUIT EXTRACT,Botanical Extract,Watermelon
323,STYRAX BENZOIN RESIN EXTRACT,Fragrance Ingredient,Benzoin
324,CYCLOPENTASILOXANE,Silicone,Silicone
325,SUPEROXIDE DISMUTASE,Antioxidant,Antioxidant Enzyme
326,LAMINARIA SACCHARINA EXTRACT,Algae Extract,Algae
327,SODIUM CARBOMER,Thickener,Thickener
328,SALIX ALBA BARK EXTRACT,Botanical Extract,Salicylate
329,CITRUS AURANTIUM AMARA FLOWER OIL,Essential Oil,Neroli Oil
330,DIMETHICONE/​VINYL DIMETHICONE CROSSPOLYMER,Texture Enhancer,Silicone
331,POLYACRYLATE-13,Texture Enhancer,Polymer
332,VITIS VINIFERA SEED EXTRACT,Plant Extract,Grape Seed
333,HYDROLYZED COLLAGEN,Protein,Collagen
334,SILYBUM MARIANUM SEED OIL,Plant Oil,Milk Thistle
335,POLYISOBUTENE,Emollient,Polymer
336,METHYL GLUCETH-20,Humectant,Moisturizer
337,GLYCERYL CAPRYLATE,Emulsifier,Antimicrobial
338,OPUNTIA FICUS-INDICA SEED OIL,Emollient,Prickly Pear
339,SORBITAN OLIVATE,Emulsifier,Emulsifier
340,PENTAERYTHRITYL TETRA-DI-T-BUTYL HYDROXYHYDROCINNAMATE,Antioxidant,Antioxidant
341,ASIATICOSIDE,Active Ingredient,Centella Active
342,SCLEROTIUM GUM,Texture Enhancer,Thickener
343,CETEARYL OLIVATE,Emulsifier,Olive Derivative
344,SHEA BUTTER ETHYL ESTERS,Emollient,Shea Butter
345,PELARGONIUM GRAVEOLENS LEAF/​FLOWER OIL,Essential Oil,Geranium
346,OLEIC/LINOLEIC/LINOLENIC POLYGLYCERIDES,Emollient,Sunflower Oil
347,AGONIS FRAGRANS BRANCH/LEAF OIL,Essential Oil,Essential Oil
348,ROSA DAMASCENA ABSOLUTE,Plant Extract,Rose Extract
349,MELALEUCA TERETIFOLIA BRANCH/​LEAF OIL,Essential Oil,Essential Oil
350,ROSA RUBIGINOSA SEED OIL,Oil,Tretinoin
351,LAVANDULA ANGUSTIFOLIA OIL,Essential Oil,Lavender Oil
352,PPG-26-BUTETH-26,Surfactant,Surfactant
353,OLEA EUROPAEA FRUIT OIL,Emollient,Olive Oil
354,CARRAGEENAN,Thickener,Red Seaweed
355,LONICERA CAPRIFOLIUM EXTRACT,Preservative,Natural Preservative
356,PEG-12 DIMETHICONE,Silicone,Silicone
357,ACACIA SENEGAL GUM,Thickener,Gum Arabic
358,ZINC PCA,Active Ingredient,Acne Fighter
359,LONICERA JAPONICA FLOWER EXTRACT,Botanical Extract,Japanese Honeysuckle
360,BIOSACCHARIDE GUM-2,Skin-Conditioning,Skin Protector
361,OCTYLDODECANOL,Emollient,Emollient
362,PEG-20 METHYL GLUCOSE SESQUISTEARATE,Emulsifier,Emulsifier
363,ZINC PALMITOYL NONAPEPTIDE-14,Peptide,Peptide
364,DIMETHYL ISOSORBIDE,Solvent,Enhancer
365,COPPER TRIPEPTIDE-1,Peptide,Peptide
366,PALMITOYL DECAPEPTIDE-21,Peptide,Peptide
367,PHENYLPROPANOL,Preservative,Preservative Booster
368,DECAPEPTIDE-22,Peptide,Peptide
369,DIGLYCERIN,Humectant,Humectant
370,OGLIOPEPTIDE-78,Peptide,Peptide
371,ALTEROMONAS FERMENT EXTRACT,Soothing Agent,Exopolysaccharide
372,ALTEROMONAS FERMENT FILTRATE,Hydrator,Ferment
373,PPG-12-BUTETH-16,Emollient,Emollient
374,PENTAPEPTIDE-18,Peptide,Peptide
375,RETINOL,Active Ingredient,Retinoid
376,COCETH-7,Emulsifier,Emulsifier
377,ACETYLARGINYLTRYPTOPHYL DIPHENYLGLYCINE,Peptide,Tetrapeptide
378,PALMITOYL TRIPEPTIDE-1,Peptide,Peptide
379,DIPEPTIDE DIAMINOBUTYROYL BENZYLAMIDE DIACETATE,Peptide,Peptide
380,VALINE,Amino Acid,Amino Acid
381,PROLINE,Amino Acid,Collagen
382,THREONINE,Amino Acid,Amino Acid
383,ARGININE,Amino Acid,Amino Acid
384,PHENYLALANINE,Amino Acid,Amino Acid
385,PALMITOYL TETRAPEPTIDE-7,Peptide,Peptide
386,ISOLEUCINE,Amino Acid,Amino Acid
387,PALMITOYL HEXAPEPTIDE-12,Peptide,Peptide
388,PCA,Humectant,Humectant
389,RUBUS FRUTICOSUS SEED OIL,Plant Oil,Blackberry Seed
390,ERIOCEPHALUS PUNCTULATUS OIL,Essential Oil,Cape Chamomile
391,SALVIA HISPANICA SEED OIL,Plant Oil,Chia Seed
392,ANTHEMIS NOBILIS FLOWER OIL,Essential Oil,Roman Chamomile
393,CHAMOMILLA RECUTITA FLOWER OIL,Essential Oil,German Chamomile
394,ASPARTIC ACID,Amino Acid,Amino Acid
395,HISTIDINE,Amino Acid,Amino Acid
396,CITRUS AURANTIUM DULCIS OIL,Essential Oil,Orange Oil
397,HYDROXYPINACOLONE RETINOATE,Retinoid,Retinoid
398,CANANGA ODORATA FLOWER OIL,Essential Oil,Ylang Ylang
399,BERBERIS VULGARIS ROOT EXTRACT,Botanical Extract,Berberine
400,LENS ESCULENTA FRUIT EXTRACT,Plant Extract,Lentil Extract
401,ANANAS SATIVUS FRUIT EXTRACT,Plant Extract,Pineapple Extract
402,COCO-CAPRYLATE/CAPRATE,Emollient,Emollient
403,SCUTELLARIA BAICALENSIS ROOT EXTRACT,Botanical Extract,Baikal Skullcap
404,ALGAE EXTRACT,Skin Conditioner,Algae
405,COCONUT ALKANES,Emollient,Emollient
406,TREMELLA FUCIFORMIS SPOROCARP EXTRACT,Plant Extract,Snow Mushroom
407,SODIUM BUTYROYL HYALURONATE,Humectant,Hyaluronic Acid
408,PYRUS MALUS FRUIT EXTRACT,Fruit Extract,Apple Extract
409,TASMANNIA LANCEOLATA FRUIT/​LEAF EXTRACT,Botanical Extract,Pepperberry
410,INULIN LAURYL CARBAMATE,Emulsifier,Emulsifier
411,TETRADECYL AMINOBUTYROYLVALYLAMINOBUTYRIC UREA TRIFLUOROACETATE,Peptide,Peptide
412,DEHYDROACETIC ACID,Preservative,Preservative
413,ISODECYL NEOPENTANOATE,Emollient,Emollient
414,C13-15 ALKANE,Emollient,Emollient
415,SUCROSE LAURATE,Emulsifier,Sugar Ester
416,ACRYLATES/​ETHYLHEXYL ACRYLATE CROSSPOLYMER,Texture Enhancer,Matte Agent
417,DODECANE,Emollient,Emollient
418,ISONONYL ISONONANOATE,Emollient,Emollient
419,ETHYLENE/​PROPYLENE/​STYRENE COPOLYMER,Gelling Agent,Gelling Agent
420,SILICA DIMETHYL SILYLATE,Texture Enhancer,Thickener
421,BUTYLENE/​ETHYLENE/​STYRENE COPOLYMER,Viscosity Agent,Polymer
422,TRIHYDROXYSTEARIN,Thickener,Thickener
423,GLUCOMANNAN,Polysaccharide,Polysaccharide
424,"ETHYL 2,2-DIMETHYLHYDROCINNAMAL",Fragrance,Fragrance
425,ALPHA-ARBUTIN,Skin Brightener,Skin Brightener
426,ETHYLHEXYL PALMITATE,Emollient,Emollient Ester
427,CURCULIGO ORCHIOIDES ROOT EXTRACT,Plant Extract,Antioxidant
428,GALLYL GLUCOSIDE,Antioxidant,Antioxidant
429,ARBUTIN,Skin Brightening,Skin Brightener
430,EPIGALLOCATECHIN GALLATYL GLUCOSIDE,Antioxidant,Green Tea
431,DISODIUM ACETYL GLUCOSAMINE PHOSPHATE,Skin-Conditioning,Acetyl Glucosamine
432,ROSA CANINA SEED OIL,Plant Oil,Rosehip Oil
433,MANDELIC ACID,Aha,Aha
434,PELARGONIUM GRAVEOLENS FLOWER OIL,Essential Oil,Geranium Oil
435,KIGELIA AFRICANA FRUIT EXTRACT,Botanical Extract,Botanical Extract
436,BEHENYL ALCOHOL,Fatty Alcohol,Fatty Alcohol
437,GLYCERYL STEARATE CITRATE,Emulsifier,Emulsifier
438,NYLON-12,Polymer,Blurring Agent
439,POGOSTEMON CABLIN LEAF OIL,Essential Oil,Essential Oil
440,HYDROXYPROPYL TETRAHYDROPYRANTRIOL,Anti-Aging,Pro-Xylane
441,PRUNUS ARMENIACA KERNEL OIL,Plant Oil,Apricot Oil
442,SORBIC ACID,Preservative,Preservative
443,DIMETHICONOL,Silicone,Silicone
444,DIMETHICONE CROSSPOLYMER,Silicone Polymer,Silicone Elastomer
445,SODIUM COCOYL GLUTAMATE,Surfactant,Surfactant
446,ISOPROPYL ISOSTEARATE,Emollient,Emollient
447,CETEARYL GLUCOSIDE,Emulsifier,Emulsifier
448,PALMITOYL PENTAPEPTIDE-4,Anti-Aging,Peptide
449,SODIUM ACRYLATES COPOLYMER,Polymer,Polymer
450,POLYETHYLENE,Polymer,Polymer
451,ALUMINUM STARCH OCTENYLSUCCINATE,Absorbent,Absorbent
452,ETHYLPARABEN,Preservative,Paraben
453,MICA,Mineral,Pigment
454,OLEIC ACID,Fatty Acid,Fatty Acid
455,POLYSILICONE-11,Silicone,Silicone Elastomer
456,TRIOLEIN,Emollient,Emollient
457,GLYCINE SOJA SEED EXTRACT,Plant Extract,Soybean
458,ISOCETETH-20,Emulsifier,Emulsifier
459,AMINOMETHYL PROPANOL,Ph Adjuster,Ph Adjuster
460,ARGANIA SPINOSA KERNEL OIL,Oil,Argan Oil
461,SIMMONDSIA CHINENSIS SEED OIL,Emollient,Jojoba Oil
462,PLUKENETIA VOLUBILIS SEED OIL,Plant Oil,Fatty Acid
463,CARTHAMUS TINCTORIUS SEED OIL,Plant Oil,Safflower Oil
464,CYCLOMETHICONE,Silicone,Silicone
465,MENTHOL,Cooling Agent,Cooling
466,DISTEARDIMONIUM HECTORITE,Thickener,Thickener
467,TRISILOXANE,Silicone,Silicone
468,DMDM HYDANTOIN,Preservative,Formaldehyde Releaser
469,SIMETHICONE,Silicone,Silicone
470,AMMONIUM XYLENESULFONATE,Surfactant,Hydrotrope
471,SODIUM BORATE,Ph Adjuster,Ph Adjuster
472,AMMONIUM LAURYL SULFATE,Surfactant,Cleansing Agent
473,CARTHAMUS TINCTORIUS OLEOSOMES,Delivery System,Natural Spheres
474,LEUCONOSTOC FERMENT FILTRATE,Preservative,Natural Preservative
475,BORAGO OFFICINALIS LEAF EXTRACT,Plant Extract,Antioxidant
476,LACTOBACILLUS/​ARUNDINARIA GIGANTEA FERMENT FILTRATE,Fermented Ingredient,Fermented Bamboo
477,TRIDECYL STEARATE,Emollient,Emollient
478,ALOE BARBADENSIS LEAF EXTRACT,Plant Extract,Aloe Vera
479,BOSWELLIA SERRATA EXTRACT,Botanical Extract,Frankincense
480,SORBITAN PALMITATE,Emulsifier,Emulsifier
481,TETRAPEPTIDE-14,Peptide,Peptide
482,NEOPENTYL GLYCOL DICAPRYLATE/​DICAPRATE,Emollient,Emollient Ester
483,TRIDECYL TRIMELLITATE,Emollient,Emollient
484,POLYGLYCERYL-3 DIISOSTEARATE,Emulsifier,Emulsifier
485,POLYGLYCERYL-3 POLYRICINOLEATE,Emulsifier,Emulsifier
486,HONEY EXTRACT,Natural Extract,Honey
487,TRETINOIN,Retinoid,Retinoid
488,ASTAXANTHIN,Antioxidant,Antioxidant
489,CYCLOASTRAGENOL,Anti-Aging,Telomerase Activator
490,KAPPAPHYCUS ALVAREZII EXTRACT,Algae Extract,Red Algae
491,SH-POLYPEPTIDE-11,Peptide,Growth Factor
492,ACETYL TETRAPEPTIDE-5,Peptide,Peptide
493,COCOS NUCIFERA FRUIT JUICE,Hydrator,Coconut Water
494,CETYL ETHYLHEXANOATE,Emollient,Emollient
495,ISOSTEARIC ACID,Fatty Acid,Fatty Acid
496,PALMITOYL TRIPEPTIDE-5,Peptide,Peptide
497,PALMITOYL HEXAPEPTIDE-14,Peptide,Peptide
498,POLYGLYCERYL-4 LAURATE/​SUCCINATE,Emulsifier,Emulsifier
499,SORBITAN SESQUIISOSTEARATE,Emulsifier,Emulsifier
500,GLOBULARIA CORDIFOLIA CALLUS CULTURE EXTRACT,Plant Extract,Stem Cell
501,ROSA CANINA FRUIT OIL,Oil,Rosehip Oil
502,POLYHYDROXYSTEARIC ACID,Emulsifier,Dispersant
503,IRON OXIDES,Colorant,Pigments
504,ASTRAGALUS MEMBRANACEUS ROOT EXTRACT,Plant Extract,Astragalus
505,JOJOBA ESTERS,Emollient,Jojoba
506,ISODODECANE,Solvent,Emollient
507,PARAFFINUM LIQUIDUM,Emollient,Mineral Oil
508,TROPOLONE,Preservative,Preservative
509,TITANIUM DIOXIDE,Uv Filter,Sunscreen
510,PEG-6 CAPRYLIC/CAPRIC GLYCERIDES,Solubilizer,Solubilizer
511,MICROCRYSTALLINE CELLULOSE,Texture Agent,Exfoliant
512,PULLULAN,Polysaccharide,Film-Former
513,TEPRENONE,Anti-Aging,Cell Regulator
514,ERYTHRULOSE,Self-Tanner,Self-Tanner
515,LACTOBACILLUS/​KELP FERMENT FILTRATE,Skin Conditioner,Kelp Ferment
516,ACETYL HEXAPEPTIDE-1,Peptide,Melanin Stimulator
517,4-T-BUTYLCYCLOHEXANOL,Soothing Agent,Soothing Agent
518,CETRARIA ISLANDICA THALLUS EXTRACT,Botanical Extract,Lichen Extract
519,POLYPODIUM VULGARE RHIZOME EXTRACT,Plant Extract,Antioxidant
520,TIN OXIDE,Pearlescent Agent,Pearlescent
521,CAMELINA SATIVA SEED OIL,Oil,Omega-3
522,PRUNUS DOMESTICA SEED EXTRACT,Plant Extract,Plum Oil
523,PERSEA GRATISSIMA OIL UNSAPONIFIABLES,Emollient,Avocado
524,PELARGONIUM GRAVEOLENS OIL,Essential Oil,Geranium Oil
525,HYDROGENATED POLYISOBUTENE,Emollient,Emollient
526,PADINA PAVONICA THALLUS EXTRACT,Marine Extract,Algae Extract
527,HELIANTHUS ANNUUS SEED OIL UNSAPONIFIABLES,Emollient,Sunflower Oil
528,PEG-10 DIMETHICONE,Emulsifier,Silicone
529,LAURYL PEG-9 POLYDIMETHYLSILOXYETHYL DIMETHICONE,Silicone,Silicone
530,DIMETHICONE/​PEG-10/​15 CROSSPOLYMER,Silicone,Silicone Emulsifier
531,SODIUM POLYACRYLATE,Polymer,Thickener
532,ACRYLONITRILE/​METHYL METHACRYLATE/​VINYLIDENE CHLORIDE COPOLYMER,Polymer,Microspheres
533,PEG/PPG-18/18 DIMETHICONE,Emulsifier,Silicone Emulsifier
534,DIPROPYLENE GLYCOL,Solvent,Glycol
535,ISOBUTANE,Propellant,Propellant
536,T-BUTYL ALCOHOL,Solvent,Solvent
537,CHOLESTERYL OLEYL CARBONATE,Colorant,Liquid Crystal
538,CHOLESTERYL STEARATE,Emollient,Cholesterol Ester
539,CERAMIDE NG,Skin Conditioner,Ceramide
540,CHOLESTERYL NONANOATE,Liquid Crystal,Liquid Crystal
541,VACCINIUM MACROCARPON SEED OIL,Oil,Cranberry Oil
542,CRAMBE ABYSSINICA SEED OIL,Oil,Plant Oil
543,TRIBEHENIN,Texturizer,Triglyceride
544,PASSIFLORA EDULIS SEED OIL,Plant Oil,Passion Fruit
545,CALOPHYLLUM INOPHYLLUM SEED OIL,Oil,Tamanu Oil
546,SORBITAN SESQUIOLEATE,Emulsifier,Emulsifier
547,PUNICA GRANATUM SEED OIL,Botanical Oil,Pomegranate
548,PEG-12 DIMETHICONE/​PPG-20 CROSSPOLYMER,Texture Enhancer,Silicone
549,CAPRYLYL METHICONE,Silicone,Silicone
550,SAPINDUS MUKOROSSI FRUIT EXTRACT,Botanical Extract,Soapnut
551,LEONTOPODIUM ALPINUM CALLUS CULTURE EXTRACT,Plant Extract,Edelweiss
552,ETHYL ASCORBIC ACID,Vitamin C Derivative,Vitamin C
553,PENTAERYTHRITYL TETRAISOSTEARATE,Emollient,Emollient
554,TRIMETHYLSILOXYSILICATE,Silicone,Silicone
555,HYDROXYMETHOXYPHENYL PROPYLMETHYLMETHOXYBENZOFURAN,Active Ingredient,Lip-Plumping
556,CETEARYL ETHYLHEXANOATE,Emollient,Emollient Oil
557,PALMITOYL HEXAPEPTIDE-52,Peptide,Peptide
558,PALMITOYL HEPTAPEPTIDE-18,Peptide,Peptide
559,HEPTAPEPTIDE-15 PALMITATE,Peptide,Peptide
560,PPG-3 ISOSTEARYL METHYL ETHER,Emollient,Emollient
561,HYDROXYPHENOXY PROPIONIC ACID,Skin Brightener,Skin Brightener
562,PHENYLETHYL RESORCINOL,Skin Brightening,Skin Lightener
563,RUSCUS ACULEATUS ROOT EXTRACT,Plant Extract,Butcher'S Broom
564,PISTACIA LENTISCUS GUM,Plant Extract,Mastic Gum
565,METHYL METHACRYLATE/​PEG/​PPG-4/​3 METHACRYLATE CROSSPOLYMER,Texturizer,Soft Focus
566,ISOAMYL LAURATE,Emollient,Silicone Alternative
567,C12-14 PARETH-12,Emulsifier,Emulsifier
568,PERFLUOROPERHYDROPHENANTHRENE,Fluorocarbon,Fluorocarbon
569,PERFLUOROHEXANE,Fluorocarbon,Fluorocarbon
570,PERFLUORODECALIN,Skin Conditioning,Oxygen Carrier
571,PEG-20 GLYCERYL TRIISOSTEARATE,Surfactant,Surfactant
572,PONGAMIA GLABRA SEED OIL,Botanical Oil,Karanja Oil
573,ETHYLHEXYL STEARATE,Emollient,Emollient
574,KAOLIN,Clay,Clay
575,SORBITAN TRIOLEATE,Emulsifier,Emulsifier
576,SODIUM COCOYL ISETHIONATE,Surfactant,Cleansing Agent
577,DISODIUM COCOAMPHODIPROPIONATE,Surfactant,Amphoteric Surfactant
578,CITRUS NOBILIS PEEL OIL,Essential Oil,Essential Oil
579,SODIUM LAUROYL GLUTAMATE,Surfactant,Amino Acid
580,ISOAMYL COCOATE,Emollient,Ester
581,DISODIUM LAURYL SULFOSUCCINATE,Surfactant,Cleansing Agent
582,COLLOIDAL OATMEAL,Soothing Agent,Oatmeal
583,C20-40 PARETH-10,Emulsifier,Emulsifier
584,OLIVE OIL PEG-7 ESTERS,Emulsifier,Emollient
585,POLYMETHYLSILSESQUIOXANE,Texturizer,Soft Focus
586,PEG-6,Humectant,Humectant
587,C14-22 ALCOHOLS,Emulsifier,Emulsifier
588,CETYL DIMETHICONE,Silicone,Silicone
589,POTASSIUM CETYL PHOSPHATE,Emulsifier,Emulsifier
590,PETROLATUM,Occlusive,Petroleum Jelly
591,DISODIUM LAURETH SULFOSUCCINATE,Surfactant,Surfactant
592,SUCROSE PALMITATE,Emulsifier,Emulsifier
593,SUCROSE STEARATE,Emulsifier,Emulsifier
594,ETHYLHEXYL HYDROXYSTEARATE,Emollient,Emollient Ester
595,C12-20 ALKYL GLUCOSIDE,Emulsifier,Emulsifier
596,SODIUM ASCORBYL PHOSPHATE,Vitamin C Derivative,Vitamin C
597,MONTMORILLONITE,Clay,Clay
598,POTASSIUM AZELOYL DIGLYCINATE,Active Ingredient,Azelaic Acid
599,RESVERATROL,Antioxidant,Antioxidant
600,BENTONITE,Clay,Clay
601,SARCODON ASPRATUS EXTRACT,Botanical Extract,Antioxidant
602,TUBER MELANOSPORUM EXTRACT,Botanical Extract,Black Truffle
603,ZANTHOXYLUM PIPERITUM FRUIT EXTRACT,Botanical Extract,Natural Extract
604,ARACHIDYL GLUCOSIDE,Emulsifier,Emulsifier
605,ARACHIDYL ALCOHOL,Fatty Alcohol,Fatty Alcohol
606,USNEA BARBATA EXTRACT,Botanical Extract,Antimicrobial
607,PULSATILLA KOREANA EXTRACT,Plant Extract,Botanical Extract
608,LINUM USITATISSIMUM SEED OIL,Emollient,Flaxseed Oil
609,CITRUS AURANTIUM BERGAMIA FRUIT OIL,Essential Oil,Bergamot Oil
610,LINOLENIC ACID,Fatty Acid,Omega-3
611,ZINC OXIDE,Sunscreen,Sunscreen
612,CITRUS RETICULATA PEEL OIL,Essential Oil,Mandarin Oil
613,BIS STEARYL ETHYLENEDIAMINE/​NEOPENTYL GLYCOL/​STEARYL HYDROGENATED DIMER DILINOLEATE COPOLYMER,Polymer,Polymer
614,CITRUS AURANTIUM DULCIS FRUIT EXTRACT,Fruit Extract,Orange Extract
615,COCO-CAPRYLATE,Emollient,Emollient
616,COCO-GLUCOSIDE,Surfactant,Cleanser
617,CITRUS LIMON PEEL OIL,Essential Oil,Lemon Oil
618,DECYL GLUCOSIDE,Surfactant,Surfactant
619,MAGNESIUM ALUMINUM SILICATE,Mineral,Clay
620,SH-OLIGOPEPTIDE-1,Peptide,Growth Factor
621,COCOS NUCIFERA OIL,Oil,Coconut Oil
622,SACCHARUM OFFICINARUM EXTRACT,Humectant,Sugarcane Extract
623,MACADAMIA TERNIFOLIA SEED OIL,Plant Oil,Macadamia Oil
624,LAMINARIA ALGAE EXTRACT,Marine Extract,Kelp
625,IODOPROPYNYL BUTYLCARBAMATE,Preservative,Preservative
626,POLYGLYCERYL-3 METHYLGLUCOSE DISTEARATE,Emulsifier,Emulsifier
627,IMPERATA CYLINDRICA ROOT EXTRACT,Plant Extract,Hydrator
628,MACROCYSTIS PYRIFERA,Plant Extract,Kelp
629,GRAPE EXTRACT,Plant Extract,Antioxidant
630,GLYCINE SOJA OIL,Oil,Soybean Oil
631,MADECASSIC ACID,Active Ingredient,Gotu Kola
632,SESAMUM INDICUM SEED OIL,Oil,Sesame Oil
633,DIPEPTIDE-2,Peptide,Peptide
634,NEOPENTYL GLYCOL DIHEPTANOATE,Emollient,Emollient
635,HESPERIDIN METHYL CHALCONE,Antioxidant,Flavonoid
636,SODIUM ACRYLATE/​SODIUM ACRYLOYLDIMETHYL TAURATE COPOLYMER,Texturizer,Thickener
637,LACTOBACILLUS/​NEREOCYSTIS LUETKEANA FERMENT FILTRATE,Extract,Fermented Kelp
638,NIGELLA SATIVA SEED OIL,Oil,Black Seed
639,COCOS NUCIFERA FRUIT EXTRACT,Plant Extract,Coconut Extract
640,DISODIUM COCO-GLUCOSIDE CITRATE,Surfactant,Cleansing Agent
641,ISOPROPYL PALMITATE,Emollient,Emollient Ester
642,LIMNANTHES ALBA SEED OIL,Emollient,Meadowfoam Oil
643,OLEYL ERUCATE,Emollient,Emollient
644,POLYGLYCERYL-6 STEARATE,Emulsifier,Emulsifier
645,HYDROXYACETOPHENONE,Preservative,Preservative
646,TRIS-BIPHENYL TRIAZINE,Uv Filter,Uv Filter
647,DICAPRYLYL ETHER,Emollient,Emollient
648,POLYGLYCERYL-6 BEHENATE,Emulsifier,Emulsifier
649,HYDROGENATED POLYDECENE,Emollient,Emollient
650,HYDROGENATED CASTOR OIL,Emollient,Castor Oil
651,STEARETH-20,Emulsifier,Emulsifier
652,METHYLENE BIS-BENZOTRIAZOLYL TETRAMETHYLBUTYLPHENOL,Uv Filter,Uv Filter
653,BIS-ETHYLHEXYLOXYPHENOL METHOXYPHENYL TRIAZINE,Uv Filter,Tinosorb S
654,COPERNICIA CERIFERA WAX,Wax,Carnauba Wax
655,HDI/TRIMETHYLOL HEXYLLACTONE CROSSPOLYMER,Texture Enhancer,Polymer Powder
656,MANNITOL,Humectant,Sugar Alcohol
657,GLYCERYL BEHENATE,Stabilizer,Stabilizer
658,GLYCERYL DIBEHENATE,Texture Enhancer,Stabilizer
659,SORBITAN STEARATE,Emulsifier,Emulsifier
660,ZINC STEARATE,Binding Agent,Binding Agent
661,SOLUM FULLONUM,Clay,Fuller'S Earth
662,PEAT,Skin Conditioning Agent,Humic Acid
663,HEXYLDECANOL,Emollient,Emollient
664,GLYCERYL OLEATE,Emulsifier,Emulsifier
665,CENTAUREA CYANUS FLOWER WATER,Flower Water,Cornflower Water
666,PLANTAGO LANCEOLATA LEAF EXTRACT,Plant Extract,Plantain
667,BENZOPHENONE-4,Uv Filter,Chemical Sunscreen
668,DIPROPYLENE GLYCOL DIBENZOATE,Emollient,Solubilizer
669,POLYMETHYL METHACRYLATE,Texture Enhancer,Polymer Microsphere
670,PPG-15 STEARYL ETHER BENZOATE,Emollient,Emollient
671,DIBUTYL ADIPATE,Emollient,Emollient
672,DIISOPROPYL SEBACATE,Emollient,Emollient
673,PHENYLBENZIMIDAZOLE SULFONIC ACID,Uv Filter,Sunscreen
674,ETHYLHEXYL TRIAZONE,Uv Filter,Sunscreen
675,DIETHYLAMINO HYDROXYBENZOYL HEXYL BENZOATE,Sunscreen,Uv Filter
676,LAURYL GLUCOSIDE,Surfactant,Cleanser
677,HYDROGENATED COCO-GLYCERIDES,Emollient,Vegetable Fat
678,CETYL PEG/PPG-10/1 DIMETHICONE,Emulsifier,Silicone Emulsifier
679,METHYL METHACRYLATE CROSSPOLYMER,Texturizer,Porous Microbeads
680,ETHYLHEXYL SALICYLATE,Uv Filter,Uv Filter
681,TRISODIUM EDTA,Chelating Agent,Edta
682,CYAMOPSIS TETRAGONOLOBA GUM,Thickener,Guar Gum
683,BUTYL METHOXYDIBENZOYLMETHANE,Uv Filter,Avobenzone
684,POLYGLYCERYL-2 SESQUICAPRYLATE,Emulsifier,Emulsifier
685,ISOSTEARYL NEOPENTANOATE,Emollient,Emollient
686,ALPHA-GLUCAN OLIGOSACCHARIDE,Prebiotic,Prebiotic
687,POLYGLYCERYL-10 DIOLEATE,Emulsifier,Emulsifier
688,SODIUM STEAROYL GLUTAMATE,Emulsifier,Emulsifier
689,INULIN,Prebiotic,Prebiotic
690,CUCUMIS SATIVUS SEED OIL,Oil,Cucumber Oil
691,BENZOPHENONE-3,Uv Filter,Uv Filter
692,CHONDRUS CRISPUS,Natural Extract,Algae
693,ETHYL HEXANEDIOL,Solvent,Solvent
694,SODIUM LAUROYL METHYL ISETHIONATE,Cleansing Agent,Cleansing Agent
695,CITRUS AURANTIUM DULCIS PEEL OIL,Essential Oil,Sweet Orange
696,SNAIL SECRETION FILTRATE,Skin Conditioner,Snail Mucin
697,BETAINE SALICYLATE,Exfoliant,Bha
698,TALC,Texture Enhancer,Mineral
699,SODIUM COCOAMPHOACETATE,Surfactant,Surfactant
700,POLYGLYCERYL-6 POLYRICINOLEATE,Emulsifier,Emulsifier
701,TRIETHYLHEXANOIN,Emollient,Emollient
702,BUTYLOCTYL SALICYLATE,Solvent,Sunscreen Helper
703,STYRENE/ACRYLATES COPOLYMER,Polymer,Film Former
704,ALUMINA,Mineral,Absorbent
705,PEG-9 POLYDIMETHYLSILOXYETHYL DIMETHICONE,Emulsifier,Silicone
706,HAMAMELIS VIRGINIANA WATER,Botanical Extract,Witch Hazel
707,MENTHYL LACTATE,Sensory Agent,Cooling Agent
708,TRIETHOXYCAPRYLYLSILANE,Surface Modifier,Silane
709,AMINOPROPYL ASCORBYL PHOSPHATE,Vitamin C Derivative,Vitamin C
710,HUMAN FIBROBLAST CONDITIONED MEDIA,Growth Factor,Growth Factors
711,CHLOROPHYLL,Colorant,Colorant
712,CAPRYLIC/​CAPRIC/​MYRISTIC/​STEARIC TRIGLYCERIDE,Emollient,Emollient
713,SOY ISOFLAVONES,Antioxidant,Isoflavones
714,TETRAPEPTIDE-21,Peptide,Peptide
715,SORBETH-30 TETRAOLEATE,Surfactant,Emulsifier
716,SH-DECAPEPTIDE-7,Peptide,Neuropeptide
717,MAGNESIUM SULFATE,Mineral Salt,Epsom Salt
718,SH-OCTAPEPTIDE-4,Peptide,Neuropeptide
719,HAMAMELIS VIRGINIANA LEAF WATER,Botanical Extract,Witch Hazel
720,PORTULACA OLERACEA EXTRACT,Botanical Extract,Purslane
721,VINYL DIMETHICONE/​METHICONE SILSESQUIOXANE CROSSPOLYMER,Silicone,Silicone Powder
722,HAMAMELIS VIRGINIANA EXTRACT,Botanical Extract,Witch Hazel
723,COCAMIDOPROPYL DIMETHYLAMINE,Surfactant,Surfactant
724,PEG/PPG/POLYBUTYLENE GLYCOL-8/5/3 GLYCERIN,Humectant,Glycerin
725,VP/VA COPOLYMER,Polymer,Film Former
726,AMODIMETHICONE,Conditioning Agent,Silicone
727,HYDROXYPROPYL METHYLCELLULOSE,Texture Enhancer,Thickener
728,HAEMATOCOCCUS PLUVIALIS EXTRACT,Antioxidant,Astaxanthin
729,HONEY,Skin Conditioner,Humectant
730,CANDELILLA CERA,Wax,Candelilla Wax
731,OZOKERITE,Wax,Wax
732,ADIPIC ACID/NEOPENTYL GLYCOL CROSSPOLYMER,Polymer,Soft Focus
733,SD ALCOHOL 40-B,Alcohol,Denatured Alcohol
734,TRIPEPTIDE-1,Peptide,Peptide
735,OCTOCRYLENE,Uv Filter,Uv Filter
736,CURCUMA LONGA ROOT EXTRACT,Botanical Extract,Turmeric
737,STEARETH-21,Emulsifier,Emulsifier
738,ISODECYL SALICYLATE,Emollient,Emollient
739,DIGLUCOSYL GALLIC ACID,Active,Gallic Acid
740,PENTAERYTHRITYL TETRAETHYLHEXANOATE,Emollient,Emollient
741,ETHYLBISIMINOMETHYLGUAIACOL MANGANESE CHLORIDE,Antioxidant,Enzyme Mimetic
742,THIOCTIC ACID,Antioxidant,Lipoic Acid
743,SORBITAN LAURATE,Emulsifier,Emulsifier
744,SYNTHETIC FLUORPHLOGOPITE,Texture Enhancer,Mica
745,PHYTOSTERYL/OCTYLDODECYL LAUROYL GLUTAMATE,Emollient,Emollient
746,UNDECYLENOYL PHENYLALANINE,Skin Brightener,Melanin Inhibitor
747,BORON NITRIDE,Mineral,Soft Focus
748,HYDROXYPALMITOYL SPHINGANINE,Skin-Identical,Ceramide Precursor
749,GALACTOMYCES FERMENT FILTRATE,Ferment,Ferment
750,METHICONE,Silicone,Silicone
751,COLLAGEN AMINO ACIDS,Amino Acid,Nmf
752,CI 45410,Colorant,Colorant
753,CITRUS PARADISI PEEL OIL,Essential Oil,Grapefruit Oil
754,BIS-PEG/PPG-14/14 DIMETHICONE,Emulsifier,Silicone Emulsifier
755,PINUS PINASTER BARK EXTRACT,Antioxidant,Pycnogenol
756,TRIHEPTANOIN,Emollient,Emollient
757,PHENETHYL ALCOHOL,Fragrance,Fragrance
758,ORYZANOL,Antioxidant,Antioxidant
759,DISODIUM LAURIMINODIPROPIONATE TOCOPHERYL PHOSPHATES,Vitamin E Derivative,Vitamin E
760,LAVANDULA ANGUSTIFOLIA FLOWER WATER,Floral Water,Lavender Water
761,PVM/MA DECADIENE CROSSPOLYMER,Thickening Agent,Gelling Polymer
762,ACRYLATES COPOLYMER,Polymer,Polymer
763,ISOSORBIDE DICAPRYLATE,Moisturizer,Glycerin Enhancer
764,QUERCETIN,Flavonoid,Flavonoid
765,SODIUM LAUROYL SARCOSINATE,Surfactant,Cleansing Agent
766,CITRUS LIMON FRUIT EXTRACT,Fruit Extract,Aha
767,DIETHYLHEXYL SYRINGYLIDENEMALONATE,Stabilizer,Photostabilizer
768,ACETYL GLYCYL BETA-ALANINE,Peptide,Peptide
769,PEG-60 HYDROGENATED CASTOR OIL,Solubilizer,Solubilizer
770,BERACLAY LIGHT RED,Clay,Clay
771,PEG-8 DIMETHICONE,Emollient,Silicone
772,HYDROLYZED HYALURONIC ACID,Humectant,Hyaluronic Acid
773,ACER SACCHARUM EXTRACT,Exfoliant,Ahas
774,PVP,Film Former,Film Former
775,MALUS DOMESTICA FRUIT CELL CULTURE,Plant Extract,Apple Stem
776,HYDROXYPHENYL PROPAMIDOBENZOIC ACID,Soothing Agent,Avenanthramide
777,SPIRAEA ULMARIA EXTRACT,Extract,Meadowsweet
778,COCAMIDOPROPYL HYDROXYSULTAINE,Surfactant,Co-Surfactant
779,COPPER GLUCONATE,Mineral,Copper
780,SODIUM LAUROAMPHOACETATE,Surfactant,Surfactant
781,SACCHAROMYCES/​CAMELLIA SINENSIS LEAF/​CLADOSIPHON OKAMURANUS/​RICE FERMENT FILTRATE,Fermented Ingredient,Fermented Blend
782,HOUTTUYNIA CORDATA EXTRACT,Botanical Extract,Heartleaf
783,TAPIOCA STARCH,Absorbent,Starch
784,EUCALYPTUS GLOBULUS LEAF OIL,Essential Oil,Eucalyptus Oil
785,CI 77742,Colorant,Pigment
786,TETRASODIUM TETRACARBOXYMETHYL NARINGENINCHALCONE,Soothing Agent,Anti-Redness
787,POLYGLYCERYL-4 CAPRATE,Surfactant,Solubilizer
788,DIAZOLIDINYL UREA,Preservative,Preservative
789,BIS-DIGLYCERYL POLYACYLADIPATE-2,Emollient,Lanolin Alternative
790,ISOSTEARYL ISOSTEARATE,Emollient,Emollient
791,ACETAMIDOETHOXYETHANOL,Humectant,Humectant
792,POLYGLYCERYL-2 CAPRATE,Emulsifier,Emulsifier
793,DIMETHYLMETHOXY CHROMANOL,Antioxidant,Antioxidant
794,EDTA,Chelating Agent,Chelating Agent
795,CELLULOSE,Thickener,Thickener
796,DIISOPROPYL ADIPATE,Emollient,Emollient
797,CYCLOTETRASILOXANE,Silicone,Volatile Silicone
798,SAFFLOWER OIL/​PALM OIL AMINOPROPANEDIOL ESTERS,Skin-Conditioning,Ceramide-Like
799,CI 77007,Colorant,Pigment
800,RETINAL,Retinoid,Retinoid
801,CYPRIPEDIUM PUBESCENS EXTRACT,Botanical Extract,Orchid Extract
802,OPUNTIA FICUS-INDICA STEM EXTRACT,Plant Extract,Prickly Pear
803,CAPRYLYL CAPRYLATE/CAPRATE,Emollient,Emollient
804,MADECASSOSIDE,Soothing Agent,Cica
805,PROPYLHEPTYL CAPRYLATE,Emollient,Emollient
806,DISODIUM CETEARYL SULFOSUCCINATE,Emulsifier,Emulsifier
807,ACETYL OCTAPEPTIDE-3,Peptide,Botox-Like
808,MACADAMIA INTEGRIFOLIA SEED OIL,Oil,Macadamia Oil
809,PSEUDOZYMA EPICOLA/CAMELLIA SINENSIS SEED OIL/GLUCOSE/GLYCINE SOJA MEAL/MALT EXTRACT/YEAST EXTRACT FERMENT FILTRATE,Skin Conditioning Agent,Fermented Oil
810,METHYLHEPTYL LAURATE,Emollient,Ester
811,HYDROGENATED VEGETABLE GLYCERIDES,Emollient,Wax
812,MENTHONE GLYCERIN ACETAL,Cooling Agent,Cooling Agent
813,SODIUM COCOYL SARCOSINATE,Cleansing Agent,Cleansing Agent
814,POLYGLYCERYL-10 STEARATE,Emulsifier,Emulsifier
815,SODIUM C14-16 OLEFIN SULFONATE,Surfactant,Surfactant
816,CETYL PHOSPHATE,Emulsifier,Emulsifier
817,SODIUM DEHYDROACETATE,Preservative,Preservative
818,ALUMINUM HYDROXIDE,Stabilizer,Uv Stabilizer
819,ZINGIBER OFFICINALE ROOT EXTRACT,Plant Extract,Ginger
820,DISODIUM EDTA,Chelating Agent,Chelator
821,METHYL TRIMETHICONE,Silicone,Silicone
822,DIBUTYL ETHYLHEXANOYL GLUTAMIDE,Thickener,Gelling Agent
823,SODIUM CHONDROITIN SULFATE,Humectant,Hydrator
824,HYDROLYZED WHEAT PROTEIN/PVP CROSSPOLYMER,Film-Former,Film-Former
825,DUNALIELLA SALINA EXTRACT,Algae Extract,Algae
826,GLYCOL DISTEARATE,Texture Enhancer,Pearlescent
827,DIBUTYL LAUROYL GLUTAMIDE,Thickener,Gelling Agent
828,HOMOSALATE,Uv Filter,Sunscreen
829,PEG-30 DIPOLYHYDROXYSTEARATE,Emulsifier,Emulsifier
830,DIETHYLHEXYL CARBONATE,Emollient,Emollient
831,DISODIUM COCOAMPHODIACETATE,Surfactant,Amphoteric Surfactant
832,BIS-ETHYLHEXYL HYDROXYDIMETHOXY BENZYLMALONATE,Antioxidant,Antioxidant
833,CI 75120,Colorant,Annatto
834,GLYCERYL ACRYLATE/​ACRYLIC ACID COPOLYMER,Polymer,Hydrogel
835,ARNICA MONTANA EXTRACT,Plant Extract,Arnica
836,POLYGLYCERYL-10 LAURATE,Emulsifier,Emulsifier
837,CITRUS NOBILIS OIL,Essential Oil,Mandarin Oil
838,METHOXYCINNAMIDOPROPYL HYDROXYSULTAINE,Sunscreen Agent,Uvb Filter
839,CITRUS GRANDIS PEEL OIL,Essential Oil,Grapefruit Oil
840,SCHISANDRA SPHENANTHERA FRUIT EXTRACT,Botanical Extract,Schisandra
841,LAVANDULA ANGUSTIFOLIA FLOWER/​LEAF/​STEM OIL,Essential Oil,Lavender Oil
842,CARAMEL,Colorant,Colorant
843,DIHEPTYL SUCCINATE,Emollient,Emollient
844,CAPRYLOYL GLYCERIN/SEBACIC ACID COPOLYMER,Polymer,Silicone Alternative
845,ECTOIN,Active,Extremolyte
846,DROMETRIZOLE TRISILOXANE,Sunscreen,Sunscreen
847,BUTANE,Propellant,Propellant
848,CANDELILLA/​JOJOBA/​RICE BRAN POLYGLYCERYL-3 ESTERS,Emulsifier,Emulsifier
849,RASPBERRY SEED OIL/​TOCOPHERYL SUCCINATE AMINOPROPANEDIOL ESTERS,Skin Conditioner,Raspberry Seed
850,STEARETH-2,Emulsifier,Emulsifier
851,SOLUBLE COLLAGEN,Hydrating Agent,Collagen
852,C10-30 CHOLESTEROL/​LANOSTEROL ESTERS,Emollient,Emollient
853,HEXYLRESORCINOL,Skin Brightener,Brightener
854,GLYCERYL LAURATE,Emulsifier,Emulsifier
855,TETRAPEPTIDE-17,Peptide,Peptide
856,OLIGOPEPTIDE-68,Peptide,Peptide
857,ALGIN,Gelling Agent,Gelling Agent
858,CAPROOYL TETRAPEPTIDE-3,Peptide,Peptide
859,ZINC GLUCONATE,Mineral,Zinc
860,DIMETHYLACRYLAMIDE/ACRYLIC ACID/POLYSTYRENE ETHYL METHACRYLATE COPOLYMER,Polymer,Polymer
861,MELALEUCA LEUCADENDRON CAJUPUTI LEAF OIL,Essential Oil,Essential Oil
862,LEPTOSPERMUM SCOPARIUM BRANCH/LEAF OIL,Essential Oil,Manuka
863,SORBITAN CAPRYLATE,Emulsifier,Emulsifier
864,NO TITLE,Peptide,Peptide
865,HESPERIDIN,Flavonoid,Flavonoid
866,METHYL GLUCOSE SESQUISTEARATE,Emulsifier,Emulsifier
867,HEXYL LAURATE,Emollient,Emollient
868,SNAIL EGG EXTRACT,Extract,Snail Egg
869,POLYGONUM AVICULARE EXTRACT,Antioxidant,Uv Protector
870,COCAMIDE MEA,Surfactant,Foam Booster
871,CETEARYL NONANOATE,Emollient,Emollient
872,XANTHOPHYLL,Antioxidant,Carotenoid
873,TRIFLUOROACETYL TRIPEPTIDE-2,Peptide,Peptide
874,CI 75470,Colorant,Carmine
875,ACRYLATES/​C12-22 ALKYL METHACRYLATE COPOLYMER,Polymer,Film-Former
876,COLLAGEN,Protein,Protein
877,ONSEN-SUI,Skin Conditioner,Hot Spring
878,METHYL GLUCETH-10,Humectant,Humectant
879,STEARYL HEPTANOATE,Emollient,Emollient Ester
880,PHENOXYETHYL CAPRYLATE,Emollient,Emollient
881,LACTOBACILLUS FERMENT LYSATE FILTRATE,Probiotic,Probiotic
882,OLETH-3 PHOSPHATE,Emulsifier,Emulsifier
883,POLOXAMER 407,Polymer,Copolymer
884,SILICA SILYLATE,Absorbent,Silica
885,CI 77163,Colorant,Bismuth Oxychloride
886,ACETYL TETRAPEPTIDE-2,Peptide,Peptide
887,POLYGLUTAMIC ACID,Humectant,Humectant
888,COCAMIDE DEA,Surfactant,Surfactant
889,BENZOYL PEROXIDE,Acne Treatment,Acne Treatment
890,ISOCETYL STEARATE,Emollient,Emollient
891,PEG/PPG-17/6 COPOLYMER,Conditioning Agent,Emollient Humectant
892,DISODIUM URIDINE PHOSPHATE,Nucleotide,Nucleotide
893,MELALEUCA ALTERNIFOLIA LEAF EXTRACT,Botanical Extract,Tea Tree
894,ACETYL DIPEPTIDE-1 CETYL ESTER,Peptide,Relaxing Peptide
895,ISOPROPYL LAUROYL SARCOSINATE,Emollient,Emollient
896,ARONIA MELANOCARPA FRUIT EXTRACT,Antioxidant,Polyphenols
897,AVENA SATIVA KERNEL FLOUR,Soothing Agent,Oat Extract
898,POTASSIUM COCOYL GLYCINATE,Cleansing Agent,Amino-Acid
899,SODIUM ACRYLATES CROSSPOLYMER-2,Texturizer,Blurring Agent
900,TETRAPEPTIDE-30,Peptide,Peptide
901,DIETHYLHEXYL BUTAMIDO TRIAZONE,Uv Filter,Uv Filter
902,ACACIA DECURRENS FLOWER WAX,Emollient,Flower Wax
903,POLYGLYCERIN-3,Humectant,Humectant
904,RASPBERRY KETONE,Fragrance,Fragrance
905,OLIVE OIL GLYCERETH-8 ESTERS,Emollient,Olive Oil
906,HELIANTHUS ANNUUS SEED WAX,Wax,Sunflower Wax
907,SH-POLYPEPTIDE-1,Peptide,Growth Factor
908,CI 77288,Colorant,Green Pigment
909,TRIETHOXYSILYLETHYL POLYDIMETHYLSILOXYETHYL HEXYL DIMETHICONE,Silicone,Silicone Fluid
910,SH-POLYPEPTIDE-9,Growth Factor,Growth Factor
911,BAROSMA BETULINA LEAF EXTRACT,Plant Extract,Buchu Leaf
912,ISOAMYL P-METHOXYCINNAMATE,Uv Filter,Uv Filter
913,DIPENTAERYTHRITYL HEXACAPRYLATE/HEXACAPRATE,Emollient,Emollient
914,LENTINUS EDODES MYCELIUM EXTRACT,Botanical Extract,Shiitake
915,WHEY PROTEIN,Protein,Protein
916,SH-OLIGOPEPTIDE-2,Peptide,Growth Factor
917,4-METHYLBENZYLIDENE CAMPHOR,Uv Filter,Sunscreen
918,TRIPEPTIDE-29,Peptide,Peptide
919,POLYGLYCERYL-10 BEHENATE/EICOSADIOATE,Texture Enhancer,Thickener
920,PEG-12 GLYCERYL DIMYRISTATE,Emulsifier,Liposome Former
921,ETHYLHEXYL BENZOATE,Emollient,Emollient
922,COPPER CHLOROPHYLL,Colorant,Colorant
923,COCOS NUCIFERA SHELL POWDER,Exfoliant,Coconut Shell
924,ORNITHINE,Amino Acid,Amino Acid
925,ISOPENTYLDIOL,Moisturizer,Humectant
926,SODIUM METHYL OLEOYL TAURATE,Surfactant,Cleansing Agent
927,HYDROXYPROPYL BISPALMITAMIDE MEA,Ceramide,Ceramide
928,HAMAMELIS VIRGINIANA BARK/​LEAF/​TWIG EXTRACT,Botanical Extract,Witch Hazel
929,CITRUS UNSHIU PEEL EXTRACT,Plant Extract,Skin Brightener
930,CERESIN,Wax,Wax
931,MELALEUCA ALTERNIFOLIA LEAF WATER,Plant Extract,Tea Tree
932,CETYL LACTATE,Emollient,Emollient
933,LAURYL METHACRYLATE/​SODIUM METHACRYLATE CROSSPOLYMER,Polymer,Copolymer
934,ACACIA DECURRENS/JOJOBA/ SUNFLOWER SEED WAX POLYGLYCERYL-3 ESTERS,Emollient,Plant Wax
935,POLYAMIDE-8,Viscosity Modifier,Thickener
936,TEREPHTHALYLIDENE DICAMPHOR SULFONIC ACID,Sunscreen Agent,Mexoryl Sx
937,RETINYL RETINOATE,Active,Retinoid
938,ARISTOTELIA CHILENSIS OIL,Plant Oil,Plant Oil
939,SODIUM ACETYLATED HYALURONATE,Hydrator,Hyaluronic Acid
940,POLYGLYCERYL-10 EICOSANEDIOATE/​TETRADECANEDIOATE,Emollient,Emollient
941,POLYPROPYLSILSESQUIOXANE,Film-Former,Film-Former
942,HYDROXYMETHOXYPHENYL DECANONE,Skin Conditioning Agent,Antioxidant
943,HYDROGEN DIMETHICONE,Silicone,Silicone
944,ISOCETYL STEAROYL STEARATE,Emollient,Emollient
945,ACETYL TETRAPEPTIDE-3,Peptide,Peptide
946,ACRYLATES/​DIMETHICONE COPOLYMER,Polymer,Film Former
947,PSEUDOZYMA EPICOLA,Fermented Ingredient,Yeast Ferment
948,MANNOSE,Humectant,Sugar
949,SODIUM LAURYL SULFATE,Surfactant,Surfactant
950,C30-45 ALKYL DIMETHICONE,Silicone,Silicone Wax
951,RETINYL PROPIONATE,Retinoid,Retinoid
952,BENZOPHENONE-5,Uv Filter,Uv Filter
953,SODIUM PHENYLBENZIMIDAZOLE SULFONATE,Uv Filter,Uv Filter
954,COPTIS JAPONICA ROOT EXTRACT,Plant Extract,Root Extract
955,CAFFEYL GLUCOSIDE,Antioxidant,Antioxidant
956,COPPER PALMITOYL HEPTAPEPTIDE-14,Peptide,Peptide
957,ROSMARINYL GLUCOSIDE,Active Ingredient,Antioxidant
958,POLYSILICONE-15,Sunscreen,Sunscreen
959,TREMELLA FUCIFORMIS POLYSACCHARIDE,Humectant,Snow Mushroom
960,ASIATIC ACID,Skin Conditioner,Collagen Booster
961,GLYCERETH-7 TRIMETHYL ETHER,Emollient,Emollient
962,SODIUM METHYL STEAROYL TAURATE,Surfactant,Co-Surfactant
963,POLOXAMER 188,Surfactant,Cleansing Agent
964,SECALE CEREALE SEED EXTRACT,Plant Extract,Rye
965,BAKUCHIOL,Active Ingredient,Retinol-Like
966,POLYQUATERNIUM-37,Polymer,Film Former
967,MYRISTYL NICOTINATE,Niacinamide Derivative,Niacinamide
968,"DIETHYLHEXYL 2,6-NAPHTHALATE",Sunscreen Enhancer,Photostabilizer
969,METHYL DIISOPROPYL PROPIONAMIDE,Cooling Agent,Cooling Agent
970,GELATIN,Thickener,Gelling Agent
971,MYRISTYL MALATE PHOSPHONIC ACID,Skin Conditioner,Phospholipid
972,BENZOTRIAZOLYL DODECYL P-CRESOL,Uv Absorber,Uv Filter
973,PPG-10 METHYL GLUCOSE ETHER,Conditioning Agent,Sugar Humectant
974,DISODIUM PHENYL DIBENZIMIDAZOLE TETRASULFONATE,Sunscreen,Uva Filter
975,MENTHA PIPERITA LEAF OIL,Essential Oil,Peppermint
976,MYRISTOYL HEXAPEPTIDE-16,Hair Growth Agent,Peptide
977,MYRISTOYL PENTAPEPTIDE-17,Peptide,Lash Peptide
978,DIISOSTEAROYL POLYGLYCERYL-3 DIMER DILINOLEATE,Emollient,Emollient
979,SODIUM ACRYLATES/​C10-30 ALKYL ACRYLATE CROSSPOLYMER,Texture Enhancer,Thickener
980,HUMAN ADIPOSE DERIVED STEM CELL CONDITIONED MEDIA,Growth Factors,Growth Factors
981,PROPANE,Propellant,Propellant
982,RUTIN,Antioxidant,Antioxidant
983,OPUNTIA FICUS-INDICA FRUIT EXTRACT,Plant Extract,Prickly Pear
984,HYDROLYZED PLACENTAL PROTEIN,Skin Conditioning,Placenta
985,C15-19 ALKANE,Emollient,Emollient
986,DILINOLEIC ACID/​PROPANEDIOL COPOLYMER,Emollient,Emollient
987,CETYLHYDROXYPROLINE PALMITAMIDE,Skin Conditioning,Pseudo-Ceramide
988,CI 77510,Pigment,Iron Blue
989,EUCALYPTUS CITRIODORA OIL,Essential Oil,Essential Oil
990,BIOTINOYL TRIPEPTIDE-1,Peptide,Peptide
991,ETHYL MENTHANE CARBOXAMIDE,Cooling Agent,Menthol
992,POTASSIUM ACRYLATES/C10-30 ALKYL ACRYLATE CROSSPOLYMER,Stabilizer,Thickener
993,JOJOBA OIL/MACADAMIA SEED OIL ESTERS,Emollient,Lipid Mimetic
994,APHANIZOMENON FLOS-AQUAE EXTRACT,Algae Extract,Blue-Green Algae
995,CI 77289,Pigment,Pigment
996,PHYTOSTERYL MACADAMIATE,Emollient,Lipid
997,DIISOPROPYL DIMER DILINOLEATE,Emollient,Emollient
998,SODIUM STEARATE,Surfactant,Soap
999,ISOPROPYL CLOPROSTENATE,Eyelash Enhancer,Prostaglandin Analog
1000,HYDROLYZED MARINE COLLAGEN,Skin Conditioner,Collagen
1001,CITRUS UNSHIU EXTRACT,Botanical Extract,Antioxidant
1002,PALMITOYL HEXAPEPTIDE-19,Peptide,Botox
1003,COCAMIDOPROPYLAMINE OXIDE,Surfactant,Co-Surfactant
1004,DMPA/​ISOPHTHALIC ACID/​SMDI COPOLYMER,Polymer,Blurring Polymer
1005,N-BUTYL ALCOHOL,Solvent,Alcohol
1006,DISILOXANE,Silicone,Silicone
1007,ANTHOCYANINS,Colorant,Natural Colorant
1008,ETHYLHEXYL DIMETHYL PABA,Uv Filter,Sunscreen
1009,PHYTOSTERYL SUNFLOWERSEEDATE,Emollient,Lanolin Alternative
1010,POLYGLYCERYL-3 CETEARYL ETHER OLIVATE,Emulsifier,Emulsifier
1011,CI 77947,Colorant,Zinc Oxide
1012,CASTOR OIL/​IPDI COPOLYMER,Viscosity Increasing Agent,Polymer
1013,MALEATED SOYBEAN OIL GLYCERYL/OCTYLDODECANOL ESTERS,Functional Ingredient,Film Former
